{
  "task": "ioi",
  "layer": 10,
  "n_pairs_total": 2000,
  "n_correct": 1976,
  "n_classes": 18,
  "n_train": 1580,
  "n_eval": 396,
  "n_eval_hard20": 79,
  "n_eval_hard5": 19,
  "timestamp": "2026-06-22T01:59:42Z",
  "random_control_iia": 0.0,
  "k2": {
    "das_iia_all": 0.3207070707070707,
    "das_iia_hard20": 0.3670886075949367,
    "das_iia_hard5": 0.21052631578947367,
    "vae_iia_all": 1.0,
    "vae_iia_hard20": 1.0,
    "vae_iia_hard5": 1.0,
    "vae_classifier_acc": 0.9645569920539856,
    "vae_recon_mse": 0.7276818752288818,
    "grassmann_distance": 2.7819809913635254,
    "cos_principal_angles": [
      0.3278123140335083,
      0.02562176063656807
    ],
    "delta_iia_all": 0.6792929292929293,
    "delta_iia_hard20": 0.6329113924050633
  },
  "k4": {
    "das_iia_all": 0.5782828282828283,
    "das_iia_hard20": 0.6582278481012658,
    "das_iia_hard5": 0.5789473684210527,
    "vae_iia_all": 1.0,
    "vae_iia_hard20": 1.0,
    "vae_iia_hard5": 1.0,
    "vae_classifier_acc": 0.9930379986763,
    "vae_recon_mse": 0.6975200176239014,
    "grassmann_distance": 5.328615188598633,
    "cos_principal_angles": [
      0.43960708379745483,
      0.3467566668987274,
      0.12619003653526306,
      0.0187695249915123
    ],
    "delta_iia_all": 0.4217171717171717,
    "delta_iia_hard20": 0.3417721518987342
  },
  "k8": {
    "das_iia_all": 0.9267676767676768,
    "das_iia_hard20": 0.8734177215189873,
    "das_iia_hard5": 0.8421052631578947,
    "vae_iia_all": 1.0,
    "vae_iia_hard20": 1.0,
    "vae_iia_hard5": 1.0,
    "vae_classifier_acc": 0.9702531695365906,
    "vae_recon_mse": 0.7077230215072632,
    "grassmann_distance": 9.727500915527344,
    "cos_principal_angles": [
      0.6235204935073853,
      0.5551667213439941,
      0.48500192165374756,
      0.40614715218544006,
      0.31963202357292175,
      0.17663703858852386,
      0.14065630733966827,
      0.008434421382844448
    ],
    "delta_iia_all": 0.0732323232323232,
    "delta_iia_hard20": 0.12658227848101267
  },
  "k16": {
    "das_iia_all": 1.0,
    "das_iia_hard20": 1.0,
    "das_iia_hard5": 1.0,
    "vae_iia_all": 1.0,
    "vae_iia_hard20": 1.0,
    "vae_iia_hard5": 1.0,
    "vae_classifier_acc": 0.9598101377487183,
    "vae_recon_mse": 0.7135247588157654,
    "grassmann_distance": 16.2707462310791,
    "cos_principal_angles": [
      0.6983289122581482,
      0.6888939738273621,
      0.6746434569358826,
      0.6606041193008423,
      0.6438460946083069,
      0.6164053082466125,
      0.594389796257019,
      0.5670396685600281,
      0.5323206782341003,
      0.527940034866333,
      0.4931560158729553,
      0.4587719142436981,
      0.4137144982814789,
      0.323775053024292,
      0.29379352927207947,
      0.09932644665241241
    ],
    "delta_iia_all": 0.0,
    "delta_iia_hard20": 0.0
  },
  "k32": {
    "das_iia_all": 1.0,
    "das_iia_hard20": 1.0,
    "das_iia_hard5": 1.0,
    "vae_iia_all": 1.0,
    "vae_iia_hard20": 1.0,
    "vae_iia_hard5": 1.0,
    "vae_classifier_acc": 0.9465190172195435,
    "vae_recon_mse": 0.7049489617347717,
    "grassmann_distance": 37.15764617919922,
    "cos_principal_angles": [
      0.7463712692260742,
      0.7187210917472839,
      0.7111524939537048,
      0.6920985579490662,
      0.6868899464607239,
      0.6612692475318909,
      0.6574344635009766,
      0.6365160942077637,
      0.6347225904464722,
      0.6115774512290955,
      0.6002048254013062,
      0.5633422136306763,
      0.5555888414382935,
      0.5433048009872437,
      0.5064455270767212,
      0.49266329407691956,
      0.3997021019458771,
      0.27520817518234253,
      0.25603583455085754,
      0.20369531214237213,
      0.1960064172744751,
      0.14958877861499786,
      0.13862743973731995,
      0.12339262664318085,
      0.10765888541936874,
      0.09456726163625717,
      0.07743339985609055,
      0.06129683554172516,
      0.054538365453481674,
      0.03076949343085289,
      0.028732221573591232,
      0.003362740622833371
    ],
    "delta_iia_all": 0.0,
    "delta_iia_hard20": 0.0
  }
}