{
  "task": "addition_mod35",
  "grokked": false,
  "test_accuracy": 0.18997669219970703,
  "modulus": 35,
  "k1": {
    "das_iia": 0.05555555555555555,
    "nl_das_iia": 0.2222222222222222,
    "vae_iia": 0.03333333333333333,
    "vae_recon_mse": 4.568576812744141,
    "vae_cls_acc": 0.14499999582767487,
    "c1_random_labels_iia": 0.027777777777777776,
    "c1_random_labels_recon": 3.8815133571624756,
    "c1_random_labels_cls_acc": 0.10499999672174454,
    "c2_recon_only_iia": 0.03333333333333333,
    "c2_recon_only_recon": 3.9538567066192627,
    "c3_untrained_iia": 0.03333333333333333,
    "c3_untrained_recon": 733.3720092773438,
    "c7_unconstrained_iia": 0.022222222222222223,
    "c7_unconstrained_recon": 2.9464995861053467,
    "random_das_iia": 0.022222222222222223,
    "pi_plain_vae_iia": 0.03888888888888889,
    "pi_plain_vae_recon_mse": 3.9367942810058594,
    "pi_plain_vae_cls_acc": 0.1850000023841858,
    "pi_plain_sae_iia": 0.16111111111111112,
    "pi_plain_sae_recon_mse": 1.3608819246292114,
    "pi_plain_sae_cls_acc": 1.0,
    "pi_plain_sae_l0": 0.9954043626785278,
    "pi_vae_iia": 0.022222222222222223,
    "pi_vae_recon_mse": 3.9297497272491455,
    "pi_vae_cls_acc": 0.1550000011920929,
    "pi_sae_iia": 0.12777777777777777,
    "pi_sae_recon_mse": 3.7590818405151367,
    "pi_sae_cls_acc": 1.0,
    "pi_sae_l0": 0.9962499737739563
  },
  "k2": {
    "das_iia": 0.07777777777777778,
    "nl_das_iia": 0.5111111111111111,
    "vae_iia": 0.022222222222222223,
    "vae_recon_mse": 4.74796199798584,
    "vae_cls_acc": 0.5600000023841858,
    "c1_random_labels_iia": 0.022222222222222223,
    "c1_random_labels_recon": 4.805845260620117,
    "c1_random_labels_cls_acc": 0.3449999988079071,
    "c2_recon_only_iia": 0.022222222222222223,
    "c2_recon_only_recon": 3.911653995513916,
    "c3_untrained_iia": 0.03333333333333333,
    "c3_untrained_recon": 732.7294921875,
    "c7_unconstrained_iia": 0.027777777777777776,
    "c7_unconstrained_recon": 3.625434398651123,
    "random_das_iia": 0.022222222222222223,
    "pi_plain_vae_iia": 0.05555555555555555,
    "pi_plain_vae_recon_mse": 3.201270580291748,
    "pi_plain_vae_cls_acc": 0.7199999690055847,
    "pi_plain_sae_iia": 0.13333333333333333,
    "pi_plain_sae_recon_mse": 1.1822445392608643,
    "pi_plain_sae_cls_acc": 1.0,
    "pi_plain_sae_l0": 0.995763897895813,
    "pi_vae_iia": 0.03333333333333333,
    "pi_vae_recon_mse": 4.387253284454346,
    "pi_vae_cls_acc": 0.7249999642372131,
    "pi_sae_iia": 0.2111111111111111,
    "pi_sae_recon_mse": 2.780559539794922,
    "pi_sae_cls_acc": 1.0,
    "pi_sae_l0": 0.9981249570846558
  },
  "k3": {
    "das_iia": 0.13333333333333333,
    "nl_das_iia": 0.8777777777777778,
    "vae_iia": 0.05,
    "vae_recon_mse": 4.2520012855529785,
    "vae_cls_acc": 0.9099999666213989,
    "c1_random_labels_iia": 0.022222222222222223,
    "c1_random_labels_recon": 4.105208396911621,
    "c1_random_labels_cls_acc": 0.6150000095367432,
    "c2_recon_only_iia": 0.022222222222222223,
    "c2_recon_only_recon": 3.326960563659668,
    "c3_untrained_iia": 0.03333333333333333,
    "c3_untrained_recon": 732.5735473632812,
    "c7_unconstrained_iia": 0.044444444444444446,
    "c7_unconstrained_recon": 3.52116322517395,
    "random_das_iia": 0.022222222222222223,
    "pi_plain_vae_iia": 0.1111111111111111,
    "pi_plain_vae_recon_mse": 3.9566526412963867,
    "pi_plain_vae_cls_acc": 0.9899999499320984,
    "pi_plain_sae_iia": 0.15555555555555556,
    "pi_plain_sae_recon_mse": 1.0656123161315918,
    "pi_plain_sae_cls_acc": 1.0,
    "pi_plain_sae_l0": 0.9963815212249756,
    "pi_vae_iia": 0.06666666666666667,
    "pi_vae_recon_mse": 3.9243812561035156,
    "pi_vae_cls_acc": 0.9300000071525574,
    "pi_sae_iia": 0.2611111111111111,
    "pi_sae_recon_mse": 2.7831027507781982,
    "pi_sae_cls_acc": 1.0,
    "pi_sae_l0": 0.996666669845581
  },
  "k4": {
    "das_iia": 0.2111111111111111,
    "nl_das_iia": 0.95,
    "vae_iia": 0.08888888888888889,
    "vae_recon_mse": 4.482573986053467,
    "vae_cls_acc": 0.9300000071525574,
    "c1_random_labels_iia": 0.03888888888888889,
    "c1_random_labels_recon": 4.10211706161499,
    "c1_random_labels_cls_acc": 0.5349999666213989,
    "c2_recon_only_iia": 0.027777777777777776,
    "c2_recon_only_recon": 3.744056224822998,
    "c3_untrained_iia": 0.027777777777777776,
    "c3_untrained_recon": 733.2232055664062,
    "c7_unconstrained_iia": 0.06666666666666667,
    "c7_unconstrained_recon": 3.7850215435028076,
    "random_das_iia": 0.022222222222222223,
    "pi_plain_vae_iia": 0.13333333333333333,
    "pi_plain_vae_recon_mse": 2.981006622314453,
    "pi_plain_vae_cls_acc": 1.0,
    "pi_plain_sae_iia": 0.17222222222222222,
    "pi_plain_sae_recon_mse": 1.1351892948150635,
    "pi_plain_sae_cls_acc": 1.0,
    "pi_plain_sae_l0": 0.9949063062667847,
    "pi_vae_iia": 0.07222222222222222,
    "pi_vae_recon_mse": 4.654147624969482,
    "pi_vae_cls_acc": 0.9649999737739563,
    "pi_sae_iia": 0.2111111111111111,
    "pi_sae_recon_mse": 2.925806760787964,
    "pi_sae_cls_acc": 0.9950000047683716,
    "pi_sae_l0": 0.9964062571525574
  },
  "k6": {
    "das_iia": 0.19444444444444445,
    "nl_das_iia": 0.9333333333333333,
    "vae_iia": 0.13333333333333333,
    "vae_recon_mse": 4.543739318847656,
    "vae_cls_acc": 0.9950000047683716,
    "c1_random_labels_iia": 0.022222222222222223,
    "c1_random_labels_recon": 4.260629653930664,
    "c1_random_labels_cls_acc": 0.6949999928474426,
    "c2_recon_only_iia": 0.03888888888888889,
    "c2_recon_only_recon": 4.007297992706299,
    "c3_untrained_iia": 0.016666666666666666,
    "c3_untrained_recon": 731.8557739257812,
    "c7_unconstrained_iia": 0.05,
    "c7_unconstrained_recon": 3.0752580165863037,
    "random_das_iia": 0.03888888888888889,
    "pi_plain_vae_iia": 0.16666666666666666,
    "pi_plain_vae_recon_mse": 2.37542986869812,
    "pi_plain_vae_cls_acc": 1.0,
    "pi_plain_sae_iia": 0.16111111111111112,
    "pi_plain_sae_recon_mse": 1.1442469358444214,
    "pi_plain_sae_cls_acc": 1.0,
    "pi_plain_sae_l0": 0.9956250190734863,
    "pi_vae_iia": 0.11666666666666667,
    "pi_vae_recon_mse": 3.778578996658325,
    "pi_vae_cls_acc": 1.0,
    "pi_sae_iia": 0.2611111111111111,
    "pi_sae_recon_mse": 1.9906022548675537,
    "pi_sae_cls_acc": 1.0,
    "pi_sae_l0": 0.9979166984558105
  },
  "elapsed_seconds": 978.6,
  "timestamp": "2026-06-22T13:36:12Z"
}