{
  "tasks": [
    "gender_bias",
    "hypernymy",
    "greater_than"
  ],
  "k": 4,
  "layer": 8,
  "max_pairs": 500,
  "use_e2e": true,
  "vae_epochs": 500,
  "cross_task_iia": {
    "train_gender_bias__eval_gender_bias": {
      "add_std": 1.0,
      "add_strict": 1.0,
      "repl_std": 1.0,
      "repl_strict": 0.9933333333333333,
      "recon_mse": 0.36336788535118103
    },
    "train_gender_bias__eval_hypernymy": {
      "add_std": 0.0,
      "add_strict": 0.0,
      "repl_std": 0.21666666666666667,
      "repl_strict": 0.0,
      "recon_mse": 16.456459045410156
    },
    "train_gender_bias__eval_greater_than": {
      "add_std": 0.41333333333333333,
      "add_strict": 0.0,
      "repl_std": 0.92,
      "repl_strict": 0.0,
      "recon_mse": 21.685428619384766
    },
    "train_hypernymy__eval_gender_bias": {
      "add_std": 0.3,
      "add_strict": 0.24,
      "repl_std": 0.2866666666666667,
      "repl_strict": 0.0,
      "recon_mse": 13.065993309020996
    },
    "train_hypernymy__eval_hypernymy": {
      "add_std": 0.9833333333333333,
      "add_strict": 0.75,
      "repl_std": 0.9666666666666667,
      "repl_strict": 0.8166666666666667,
      "recon_mse": 0.7719358801841736
    },
    "train_hypernymy__eval_greater_than": {
      "add_std": 0.4266666666666667,
      "add_strict": 0.0,
      "repl_std": 0.8333333333333334,
      "repl_strict": 0.0,
      "recon_mse": 18.048980712890625
    },
    "train_greater_than__eval_gender_bias": {
      "add_std": 0.30666666666666664,
      "add_strict": 0.24666666666666667,
      "repl_std": 0.5,
      "repl_strict": 0.0,
      "recon_mse": 17.745832443237305
    },
    "train_greater_than__eval_hypernymy": {
      "add_std": 0.0,
      "add_strict": 0.0,
      "repl_std": 0.5833333333333334,
      "repl_strict": 0.0,
      "recon_mse": 18.832427978515625
    },
    "train_greater_than__eval_greater_than": {
      "add_std": 1.0,
      "add_strict": 0.9933333333333333,
      "repl_std": 1.0,
      "repl_strict": 1.0,
      "recon_mse": 0.40225422382354736
    }
  },
  "subspace_overlap": {
    "gender_bias_vs_hypernymy": {
      "principal_angles_deg": [
        79.90129852294922,
        80.71178436279297,
        85.15415954589844,
        88.03363800048828
      ],
      "mean_cos_similarity": 0.11388316005468369,
      "max_cos_similarity": 0.1753443032503128,
      "grassmann_distance": 2.915262222290039
    },
    "gender_bias_vs_greater_than": {
      "principal_angles_deg": [
        79.96157836914062,
        81.79182434082031,
        86.60413360595703,
        89.91544342041016
      ],
      "mean_cos_similarity": 0.09444712102413177,
      "max_cos_similarity": 0.17430844902992249,
      "grassmann_distance": 2.9551687240600586
    },
    "hypernymy_vs_greater_than": {
      "principal_angles_deg": [
        79.17573547363281,
        82.15684509277344,
        88.25330352783203,
        88.93543243408203
      ],
      "mean_cos_similarity": 0.09332972764968872,
      "max_cos_similarity": 0.18779729306697845,
      "grassmann_distance": 2.9576356410980225
    }
  },
  "sparse_feature_overlap": {
    "gender_bias_vs_hypernymy": {
      "jaccard": 1.0,
      "shared_features": 32,
      "only_a": 0,
      "only_b": 0,
      "total_a": 32,
      "total_b": 32
    },
    "gender_bias_vs_greater_than": {
      "jaccard": 1.0,
      "shared_features": 32,
      "only_a": 0,
      "only_b": 0,
      "total_a": 32,
      "total_b": 32
    },
    "hypernymy_vs_greater_than": {
      "jaccard": 1.0,
      "shared_features": 32,
      "only_a": 0,
      "only_b": 0,
      "total_a": 32,
      "total_b": 32
    }
  },
  "timestamp": "2026-06-23T01:14:45Z"
}