{
  "operation": "composite_addition",
  "seed": 2024,
  "grokked": true,
  "final_test_loss": 0.05284507700105105,
  "final_test_acc": 0.994182825088501,
  "n_epochs": 30000,
  "das_k2": {
    "iia": 0.9866666666666667,
    "equivariance": 0.136,
    "random_equiv": 0.118
  },
  "das_k4": {
    "iia": 1.0,
    "equivariance": 0.094,
    "random_equiv": 0.048
  },
  "train_loss_final": 6.400387689551681e-06,
  "grok_epoch": 9042,
  "timestamp": "2026-06-22T01:54:36Z",
  "p_data": 113,
  "p_mod": 91
}