{
  "task": "addition",
  "grokked": true,
  "test_accuracy": 0.9995525479316711,
  "k1": {
    "das_iia": 0.005555555555555556,
    "nl_das_iia": 0.19444444444444445,
    "vae_iia": 0.0,
    "vae_recon_mse": 1.929478406906128,
    "vae_cls_acc": 0.13499999046325684,
    "c1_random_labels_iia": 0.0,
    "c1_random_labels_recon": 2.0692241191864014,
    "c1_random_labels_cls_acc": 0.004999999888241291,
    "c2_recon_only_iia": 0.0,
    "c2_recon_only_recon": 1.7625973224639893,
    "c3_untrained_iia": 0.0,
    "c3_untrained_recon": 2162.192626953125,
    "c7_unconstrained_iia": 0.0,
    "c7_unconstrained_recon": 1.7699944972991943,
    "random_das_iia": 0.0,
    "pi_plain_vae_iia": 0.0,
    "pi_plain_vae_recon_mse": 0.993601381778717,
    "pi_plain_vae_cls_acc": 0.16499999165534973,
    "pi_plain_sae_iia": 0.9444444444444444,
    "pi_plain_sae_recon_mse": 0.35301971435546875,
    "pi_plain_sae_cls_acc": 1.0,
    "pi_plain_sae_l0": 0.9511396884918213,
    "pi_vae_iia": 0.0,
    "pi_vae_recon_mse": 3.8416240215301514,
    "pi_vae_cls_acc": 0.07999999821186066,
    "pi_sae_iia": 0.9166666666666666,
    "pi_sae_recon_mse": 1.222094178199768,
    "pi_sae_cls_acc": 1.0,
    "pi_sae_l0": 0.996874988079071
  },
  "k2": {
    "das_iia": 0.06111111111111111,
    "nl_das_iia": 0.4888888888888889,
    "vae_iia": 0.0,
    "vae_recon_mse": 1.472617745399475,
    "vae_cls_acc": 0.625,
    "c1_random_labels_iia": 0.0,
    "c1_random_labels_recon": 2.3786580562591553,
    "c1_random_labels_cls_acc": 0.019999999552965164,
    "c2_recon_only_iia": 0.0,
    "c2_recon_only_recon": 1.799120545387268,
    "c3_untrained_iia": 0.016666666666666666,
    "c3_untrained_recon": 2165.11474609375,
    "c7_unconstrained_iia": 0.022222222222222223,
    "c7_unconstrained_recon": 1.3782298564910889,
    "random_das_iia": 0.0,
    "pi_plain_vae_iia": 0.022222222222222223,
    "pi_plain_vae_recon_mse": 1.4048748016357422,
    "pi_plain_vae_cls_acc": 0.8549999594688416,
    "pi_plain_sae_iia": 1.0,
    "pi_plain_sae_recon_mse": 0.2595508098602295,
    "pi_plain_sae_cls_acc": 1.0,
    "pi_plain_sae_l0": 0.9831944704055786,
    "pi_vae_iia": 0.0,
    "pi_vae_recon_mse": 2.077005386352539,
    "pi_vae_cls_acc": 0.8899999856948853,
    "pi_sae_iia": 1.0,
    "pi_sae_recon_mse": 0.9968083500862122,
    "pi_sae_cls_acc": 1.0,
    "pi_sae_l0": 0.9953124523162842
  },
  "k4": {
    "das_iia": 0.32222222222222224,
    "nl_das_iia": 0.9444444444444444,
    "vae_iia": 0.05,
    "vae_recon_mse": 1.8082375526428223,
    "vae_cls_acc": 1.0,
    "c1_random_labels_iia": 0.0,
    "c1_random_labels_recon": 1.6458585262298584,
    "c1_random_labels_cls_acc": 0.009999999776482582,
    "c2_recon_only_iia": 0.0,
    "c2_recon_only_recon": 1.9268511533737183,
    "c3_untrained_iia": 0.022222222222222223,
    "c3_untrained_recon": 2159.91015625,
    "c7_unconstrained_iia": 0.027777777777777776,
    "c7_unconstrained_recon": 1.0288939476013184,
    "random_das_iia": 0.0,
    "pi_plain_vae_iia": 0.09444444444444444,
    "pi_plain_vae_recon_mse": 0.8372967839241028,
    "pi_plain_vae_cls_acc": 1.0,
    "pi_plain_sae_iia": 1.0,
    "pi_plain_sae_recon_mse": 0.16717296838760376,
    "pi_plain_sae_cls_acc": 1.0,
    "pi_plain_sae_l0": 0.9560937881469727,
    "pi_vae_iia": 0.11666666666666667,
    "pi_vae_recon_mse": 1.3297799825668335,
    "pi_vae_cls_acc": 1.0,
    "pi_sae_iia": 1.0,
    "pi_sae_recon_mse": 0.7241966724395752,
    "pi_sae_cls_acc": 1.0,
    "pi_sae_l0": 0.9893749952316284
  },
  "elapsed_seconds": 1647.7,
  "timestamp": "2026-06-22T11:47:51Z"
}