{
  "task": "gender_bias",
  "n_pairs": 986,
  "n_pairs_orig": 986,
  "n_classes": 2,
  "layer": 8,
  "n_seeds": 1,
  "max_pairs": 1000,
  "k1": {
    "das_iia": 0.6148648648648649,
    "das_strict_iia": 0.5101351351351351,
    "nl_das_iia": 0.9966216216216216,
    "nl_das_strict_iia": 0.9966216216216216,
    "vae_iia": 0.4189189189189189,
    "vae_strict_iia": 0.3547297297297297,
    "vae_repl_iia": 0.35135135135135137,
    "vae_repl_strict_iia": 0.2972972972972973,
    "vae_recon_mse": 0.26139238476753235,
    "vae_cls_acc": 1.0,
    "c1_random_labels_iia": 0.2668918918918919,
    "c1_random_labels_strict_iia": 0.22972972972972974,
    "c1_random_labels_repl_iia": 0.28716216216216217,
    "c1_random_labels_repl_strict_iia": 0.25,
    "c1_random_labels_recon": 0.28016549348831177,
    "c1_random_labels_cls_acc": 0.47999998927116394,
    "c2_recon_only_iia": 0.2668918918918919,
    "c2_recon_only_strict_iia": 0.22972972972972974,
    "c2_recon_only_repl_iia": 0.2972972972972973,
    "c2_recon_only_repl_strict_iia": 0.25,
    "c2_recon_only_recon": 0.2754631042480469,
    "c3_untrained_iia": 0.2668918918918919,
    "c3_untrained_strict_iia": 0.22972972972972974,
    "c3_untrained_repl_iia": 0.40540540540540543,
    "c3_untrained_repl_strict_iia": 0.0,
    "c3_untrained_recon": 19.09111976623535,
    "c7_unconstrained_iia": 0.2668918918918919,
    "c7_unconstrained_strict_iia": 0.22972972972972974,
    "c7_unconstrained_repl_iia": 0.28378378378378377,
    "c7_unconstrained_repl_strict_iia": 0.23986486486486486,
    "c7_unconstrained_recon": 0.26640087366104126,
    "random_das_iia": 0.2668918918918919,
    "random_das_strict_iia": 0.23310810810810811,
    "pi_plain_vae_iia": 0.4189189189189189,
    "pi_plain_vae_strict_iia": 0.3581081081081081,
    "pi_plain_vae_repl_iia": 0.38175675675675674,
    "pi_plain_vae_repl_strict_iia": 0.32432432432432434,
    "pi_plain_vae_recon_mse": 0.2002618908882141,
    "pi_plain_vae_cls_acc": 1.0,
    "pi_plain_sae_iia": 0.36486486486486486,
    "pi_plain_sae_strict_iia": 0.30743243243243246,
    "pi_plain_sae_repl_iia": 0.3581081081081081,
    "pi_plain_sae_repl_strict_iia": 0.30743243243243246,
    "pi_plain_sae_recon_mse": 0.1419433355331421,
    "pi_plain_sae_cls_acc": 1.0,
    "pi_plain_sae_l0": 0.9849264025688171,
    "pi_vae_iia": 0.4391891891891892,
    "pi_vae_strict_iia": 0.3783783783783784,
    "pi_vae_repl_iia": 0.38175675675675674,
    "pi_vae_repl_strict_iia": 0.32432432432432434,
    "pi_vae_recon_mse": 0.2778502106666565,
    "pi_vae_cls_acc": 1.0,
    "pi_sae_iia": 0.40878378378378377,
    "pi_sae_strict_iia": 0.34459459459459457,
    "pi_sae_repl_iia": 0.34459459459459457,
    "pi_sae_repl_strict_iia": 0.2939189189189189,
    "pi_sae_recon_mse": 0.2549320161342621,
    "pi_sae_cls_acc": 1.0,
    "pi_sae_l0": 1.0
  },
  "k2": {
    "das_iia": 0.8344594594594594,
    "das_strict_iia": 0.7804054054054054,
    "nl_das_iia": 1.0,
    "nl_das_strict_iia": 1.0,
    "vae_iia": 0.42905405405405406,
    "vae_strict_iia": 0.3614864864864865,
    "vae_repl_iia": 0.3581081081081081,
    "vae_repl_strict_iia": 0.30743243243243246,
    "vae_recon_mse": 0.2534468472003937,
    "vae_cls_acc": 1.0,
    "c1_random_labels_iia": 0.20270270270270271,
    "c1_random_labels_strict_iia": 0.19256756756756757,
    "c1_random_labels_repl_iia": 0.21283783783783783,
    "c1_random_labels_repl_strict_iia": 0.19594594594594594,
    "c1_random_labels_recon": 0.3091304302215576,
    "c1_random_labels_cls_acc": 0.7649999856948853,
    "c2_recon_only_iia": 0.2668918918918919,
    "c2_recon_only_strict_iia": 0.22972972972972974,
    "c2_recon_only_repl_iia": 0.27364864864864863,
    "c2_recon_only_repl_strict_iia": 0.23648648648648649,
    "c2_recon_only_recon": 0.27453503012657166,
    "c3_untrained_iia": 0.2668918918918919,
    "c3_untrained_strict_iia": 0.22972972972972974,
    "c3_untrained_repl_iia": 0.28040540540540543,
    "c3_untrained_repl_strict_iia": 0.0,
    "c3_untrained_recon": 19.073020935058594,
    "c7_unconstrained_iia": 0.2668918918918919,
    "c7_unconstrained_strict_iia": 0.22972972972972974,
    "c7_unconstrained_repl_iia": 0.22635135135135134,
    "c7_unconstrained_repl_strict_iia": 0.1891891891891892,
    "c7_unconstrained_recon": 0.25458353757858276,
    "random_das_iia": 0.2668918918918919,
    "random_das_strict_iia": 0.22972972972972974,
    "pi_plain_vae_iia": 0.40878378378378377,
    "pi_plain_vae_strict_iia": 0.34459459459459457,
    "pi_plain_vae_repl_iia": 0.3581081081081081,
    "pi_plain_vae_repl_strict_iia": 0.30743243243243246,
    "pi_plain_vae_recon_mse": 0.17829979956150055,
    "pi_plain_vae_cls_acc": 1.0,
    "pi_plain_sae_iia": 0.34459459459459457,
    "pi_plain_sae_strict_iia": 0.2972972972972973,
    "pi_plain_sae_repl_iia": 0.34121621621621623,
    "pi_plain_sae_repl_strict_iia": 0.2905405405405405,
    "pi_plain_sae_recon_mse": 0.14618000388145447,
    "pi_plain_sae_cls_acc": 1.0,
    "pi_plain_sae_l0": 0.9834027886390686,
    "pi_vae_iia": 0.44256756756756754,
    "pi_vae_strict_iia": 0.3783783783783784,
    "pi_vae_repl_iia": 0.3783783783783784,
    "pi_vae_repl_strict_iia": 0.3277027027027027,
    "pi_vae_recon_mse": 0.2673936188220978,
    "pi_vae_cls_acc": 1.0,
    "pi_sae_iia": 0.4966216216216216,
    "pi_sae_strict_iia": 0.44932432432432434,
    "pi_sae_repl_iia": 0.42905405405405406,
    "pi_sae_repl_strict_iia": 0.38175675675675674,
    "pi_sae_recon_mse": 0.2592872381210327,
    "pi_sae_cls_acc": 1.0,
    "pi_sae_l0": 1.0
  },
  "k4": {
    "das_iia": 0.8817567567567568,
    "das_strict_iia": 0.8513513513513513,
    "nl_das_iia": 1.0,
    "nl_das_strict_iia": 1.0,
    "vae_iia": 0.42567567567567566,
    "vae_strict_iia": 0.3614864864864865,
    "vae_repl_iia": 0.3716216216216216,
    "vae_repl_strict_iia": 0.32094594594594594,
    "vae_recon_mse": 0.26959988474845886,
    "vae_cls_acc": 1.0,
    "c1_random_labels_iia": 0.21621621621621623,
    "c1_random_labels_strict_iia": 0.20270270270270271,
    "c1_random_labels_repl_iia": 0.22297297297297297,
    "c1_random_labels_repl_strict_iia": 0.20608108108108109,
    "c1_random_labels_recon": 0.28607380390167236,
    "c1_random_labels_cls_acc": 0.8149999976158142,
    "c2_recon_only_iia": 0.2668918918918919,
    "c2_recon_only_strict_iia": 0.22972972972972974,
    "c2_recon_only_repl_iia": 0.27702702702702703,
    "c2_recon_only_repl_strict_iia": 0.23986486486486486,
    "c2_recon_only_recon": 0.2760244309902191,
    "c3_untrained_iia": 0.2668918918918919,
    "c3_untrained_strict_iia": 0.22972972972972974,
    "c3_untrained_repl_iia": 0.4155405405405405,
    "c3_untrained_repl_strict_iia": 0.0,
    "c3_untrained_recon": 19.045326232910156,
    "c7_unconstrained_iia": 0.2668918918918919,
    "c7_unconstrained_strict_iia": 0.22972972972972974,
    "c7_unconstrained_repl_iia": 0.25675675675675674,
    "c7_unconstrained_repl_strict_iia": 0.21283783783783783,
    "c7_unconstrained_recon": 0.2641752362251282,
    "random_das_iia": 0.2668918918918919,
    "random_das_strict_iia": 0.22972972972972974,
    "pi_plain_vae_iia": 0.39864864864864863,
    "pi_plain_vae_strict_iia": 0.33783783783783783,
    "pi_plain_vae_repl_iia": 0.375,
    "pi_plain_vae_repl_strict_iia": 0.3141891891891892,
    "pi_plain_vae_recon_mse": 0.1884089708328247,
    "pi_plain_vae_cls_acc": 1.0,
    "pi_plain_sae_iia": 0.33783783783783783,
    "pi_plain_sae_strict_iia": 0.28716216216216217,
    "pi_plain_sae_repl_iia": 0.33783783783783783,
    "pi_plain_sae_repl_strict_iia": 0.2939189189189189,
    "pi_plain_sae_recon_mse": 0.13621333241462708,
    "pi_plain_sae_cls_acc": 1.0,
    "pi_plain_sae_l0": 0.9836562871932983,
    "pi_vae_iia": 0.3716216216216216,
    "pi_vae_strict_iia": 0.3108108108108108,
    "pi_vae_repl_iia": 0.35135135135135137,
    "pi_vae_repl_strict_iia": 0.2972972972972973,
    "pi_vae_recon_mse": 0.2676728367805481,
    "pi_vae_cls_acc": 1.0,
    "pi_sae_iia": 0.5168918918918919,
    "pi_sae_strict_iia": 0.46283783783783783,