{
  "task": "multiplication",
  "grokked": true,
  "test_accuracy": 1.0,
  "k1": {
    "das_iia": 0.022222222222222223,
    "nl_das_iia": 0.21666666666666667,
    "vae_iia": 0.0,
    "vae_recon_mse": 0.6868780851364136,
    "vae_cls_acc": 0.14000000059604645,
    "c1_random_labels_iia": 0.0,
    "c1_random_labels_recon": 0.736273467540741,
    "c1_random_labels_cls_acc": 0.009999999776482582,
    "c2_recon_only_iia": 0.0,
    "c2_recon_only_recon": 0.7979493737220764,
    "c3_untrained_iia": 0.0,
    "c3_untrained_recon": 275.5487976074219,
    "c7_unconstrained_iia": 0.0,
    "c7_unconstrained_recon": 0.6470232009887695,
    "random_das_iia": 0.0,
    "pi_plain_vae_iia": 0.0,
    "pi_plain_vae_recon_mse": 0.2667630910873413,
    "pi_plain_vae_cls_acc": 0.2849999964237213,
    "pi_plain_sae_iia": 0.0,
    "pi_plain_sae_recon_mse": 0.09369081258773804,
    "pi_plain_sae_cls_acc": 1.0,
    "pi_plain_sae_l0": 0.9566175937652588,
    "pi_vae_iia": 0.0,
    "pi_vae_recon_mse": 0.9011735320091248,
    "pi_vae_cls_acc": 0.32999998331069946,
    "pi_sae_iia": 0.011111111111111112,
    "pi_sae_recon_mse": 0.7263323664665222,
    "pi_sae_cls_acc": 1.0,
    "pi_sae_l0": 0.9981249570846558
  },
  "k2": {
    "das_iia": 0.07777777777777778,
    "nl_das_iia": 0.7166666666666667,
    "vae_iia": 0.0,
    "vae_recon_mse": 0.7562487721443176,
    "vae_cls_acc": 0.8949999809265137,
    "c1_random_labels_iia": 0.0,
    "c1_random_labels_recon": 0.656071126461029,
    "c1_random_labels_cls_acc": 0.004999999888241291,
    "c2_recon_only_iia": 0.0,
    "c2_recon_only_recon": 0.6477457880973816,
    "c3_untrained_iia": 0.0,
    "c3_untrained_recon": 275.84912109375,
    "c7_unconstrained_iia": 0.0,
    "c7_unconstrained_recon": 0.6173937320709229,
    "random_das_iia": 0.0,
    "pi_plain_vae_iia": 0.0,
    "pi_plain_vae_recon_mse": 0.4781748950481415,
    "pi_plain_vae_cls_acc": 1.0,
    "pi_plain_sae_iia": 0.7222222222222222,
    "pi_plain_sae_recon_mse": 0.12180033326148987,
    "pi_plain_sae_cls_acc": 1.0,
    "pi_plain_sae_l0": 0.9522222280502319,
    "pi_vae_iia": 0.0,
    "pi_vae_recon_mse": 1.0095046758651733,
    "pi_vae_cls_acc": 1.0,
    "pi_sae_iia": 1.0,
    "pi_sae_recon_mse": 0.6269093155860901,
    "pi_sae_cls_acc": 1.0,
    "pi_sae_l0": 0.9971874952316284
  },
  "k4": {
    "das_iia": 0.26666666666666666,
    "nl_das_iia": 0.95,
    "vae_iia": 0.0,
    "vae_recon_mse": 0.6488133072853088,
    "vae_cls_acc": 1.0,
    "c1_random_labels_iia": 0.0,
    "c1_random_labels_recon": 0.7430532574653625,
    "c1_random_labels_cls_acc": 0.009999999776482582,
    "c2_recon_only_iia": 0.0,
    "c2_recon_only_recon": 0.6819633841514587,
    "c3_untrained_iia": 0.011111111111111112,
    "c3_untrained_recon": 275.6181335449219,
    "c7_unconstrained_iia": 0.05,
    "c7_unconstrained_recon": 0.5591854453086853,
    "random_das_iia": 0.0,
    "pi_plain_vae_iia": 0.0,
    "pi_plain_vae_recon_mse": 0.22938129305839539,
    "pi_plain_vae_cls_acc": 1.0,
    "pi_plain_sae_iia": 0.9333333333333333,
    "pi_plain_sae_recon_mse": 0.08294236660003662,
    "pi_plain_sae_cls_acc": 1.0,
    "pi_plain_sae_l0": 0.951593816280365,
    "pi_vae_iia": 0.0,
    "pi_vae_recon_mse": 0.8087397813796997,
    "pi_vae_cls_acc": 1.0,
    "pi_sae_iia": 1.0,
    "pi_sae_recon_mse": 0.36441558599472046,
    "pi_sae_cls_acc": 1.0,
    "pi_sae_l0": 0.9937499761581421
  },
  "elapsed_seconds": 2204.6,
  "timestamp": "2026-06-22T11:57:27Z"
}