{
  "task": "addition_mod91",
  "grokked": true,
  "test_accuracy": 0.9960324168205261,
  "modulus": 91,
  "k1": {
    "das_iia": 0.016666666666666666,
    "nl_das_iia": 0.24444444444444444,
    "vae_iia": 0.0,
    "vae_recon_mse": 1.035965085029602,
    "vae_cls_acc": 0.19499999284744263,
    "c1_random_labels_iia": 0.0,
    "c1_random_labels_recon": 1.0171250104904175,
    "c1_random_labels_cls_acc": 0.009999999776482582,
    "c2_recon_only_iia": 0.0,
    "c2_recon_only_recon": 1.1068812608718872,
    "c3_untrained_iia": 0.0,
    "c3_untrained_recon": 729.5711059570312,
    "c7_unconstrained_iia": 0.0,
    "c7_unconstrained_recon": 0.8889709115028381,
    "random_das_iia": 0.0,
    "pi_plain_vae_iia": 0.0,
    "pi_plain_vae_recon_mse": 0.6189461946487427,
    "pi_plain_vae_cls_acc": 0.3050000071525574,
    "pi_plain_sae_iia": 0.016666666666666666,
    "pi_plain_sae_recon_mse": 0.19170255959033966,
    "pi_plain_sae_cls_acc": 1.0,
    "pi_plain_sae_l0": 0.9914705753326416,
    "pi_vae_iia": 0.0,
    "pi_vae_recon_mse": 1.0913684368133545,
    "pi_vae_cls_acc": 0.1550000011920929,
    "pi_sae_iia": 0.0,
    "pi_sae_recon_mse": 0.917953610420227,
    "pi_sae_cls_acc": 1.0,
    "pi_sae_l0": 0.9981249570846558
  },
  "k2": {
    "das_iia": 0.15555555555555556,
    "nl_das_iia": 0.7,
    "vae_iia": 0.0,
    "vae_recon_mse": 1.0157731771469116,
    "vae_cls_acc": 0.8449999690055847,
    "c1_random_labels_iia": 0.0,
    "c1_random_labels_recon": 1.0619018077850342,
    "c1_random_labels_cls_acc": 0.009999999776482582,
    "c2_recon_only_iia": 0.0,
    "c2_recon_only_recon": 0.9782499670982361,
    "c3_untrained_iia": 0.027777777777777776,
    "c3_untrained_recon": 728.0894165039062,
    "c7_unconstrained_iia": 0.0,
    "c7_unconstrained_recon": 0.7719323039054871,
    "random_das_iia": 0.0,
    "pi_plain_vae_iia": 0.011111111111111112,
    "pi_plain_vae_recon_mse": 0.6300033926963806,
    "pi_plain_vae_cls_acc": 1.0,
    "pi_plain_sae_iia": 0.9833333333333333,
    "pi_plain_sae_recon_mse": 0.17119747400283813,
    "pi_plain_sae_cls_acc": 1.0,
    "pi_plain_sae_l0": 0.9887847304344177,
    "pi_vae_iia": 0.0,
    "pi_vae_recon_mse": 1.484194278717041,
    "pi_vae_cls_acc": 0.9950000047683716,
    "pi_sae_iia": 0.9777777777777777,
    "pi_sae_recon_mse": 0.863063633441925,
    "pi_sae_cls_acc": 1.0,
    "pi_sae_l0": 0.9978124499320984
  },
  "k3": {
    "das_iia": 0.2722222222222222,
    "nl_das_iia": 0.9444444444444444,
    "vae_iia": 0.0,
    "vae_recon_mse": 1.0561736822128296,
    "vae_cls_acc": 1.0,
    "c1_random_labels_iia": 0.0,
    "c1_random_labels_recon": 1.1564260721206665,
    "c1_random_labels_cls_acc": 0.029999999329447746,
    "c2_recon_only_iia": 0.0,
    "c2_recon_only_recon": 0.9192952513694763,
    "c3_untrained_iia": 0.0,
    "c3_untrained_recon": 729.5017700195312,
    "c7_unconstrained_iia": 0.0,
    "c7_unconstrained_recon": 0.8065987825393677,
    "random_das_iia": 0.0,
    "pi_plain_vae_iia": 0.0,
    "pi_plain_vae_recon_mse": 2.045225143432617,
    "pi_plain_vae_cls_acc": 0.9300000071525574,
    "pi_plain_sae_iia": 0.9055555555555556,
    "pi_plain_sae_recon_mse": 0.23862914741039276,
    "pi_plain_sae_cls_acc": 1.0,
    "pi_plain_sae_l0": 0.988947331905365,
    "pi_vae_iia": 0.0,
    "pi_vae_recon_mse": 1.2221109867095947,
    "pi_vae_cls_acc": 1.0,
    "pi_sae_iia": 0.9777777777777777,
    "pi_sae_recon_mse": 0.8017114996910095,
    "pi_sae_cls_acc": 1.0,
    "pi_sae_l0": 0.9968750476837158
  },
  "k4": {
    "das_iia": 0.5555555555555556,
    "nl_das_iia": 0.9222222222222223,
    "vae_iia": 0.0,
    "vae_recon_mse": 0.9030576348304749,
    "vae_cls_acc": 1.0,
    "c1_random_labels_iia": 0.0,
    "c1_random_labels_recon": 1.1401007175445557,
    "c1_random_labels_cls_acc": 0.054999999701976776,
    "c2_recon_only_iia": 0.0,
    "c2_recon_only_recon": 1.1739132404327393,
    "c3_untrained_iia": 0.0,
    "c3_untrained_recon": 729.6585083007812,
    "c7_unconstrained_iia": 0.005555555555555556,
    "c7_unconstrained_recon": 0.833545982837677,
    "random_das_iia": 0.0,
    "pi_plain_vae_iia": 0.0,
    "pi_plain_vae_recon_mse": 0.4800959527492523,
    "pi_plain_vae_cls_acc": 1.0,
    "pi_plain_sae_iia": 0.6222222222222222,
    "pi_plain_sae_recon_mse": 0.19478736817836761,
    "pi_plain_sae_cls_acc": 1.0,
    "pi_plain_sae_l0": 0.9883125424385071,
    "pi_vae_iia": 0.0,
    "pi_vae_recon_mse": 1.0769613981246948,
    "pi_vae_cls_acc": 1.0,
    "pi_sae_iia": 0.9777777777777777,
    "pi_sae_recon_mse": 0.6418961882591248,
    "pi_sae_cls_acc": 1.0,
    "pi_sae_l0": 0.9971874952316284
  },
  "k6": {
    "das_iia": 0.7833333333333333,
    "nl_das_iia": 0.9166666666666666,
    "vae_iia": 0.0,
    "vae_recon_mse": 0.9814731478691101,
    "vae_cls_acc": 1.0,
    "c1_random_labels_iia": 0.0,
    "c1_random_labels_recon": 1.2931939363479614,
    "c1_random_labels_cls_acc": 0.054999999701976776,
    "c2_recon_only_iia": 0.0,
    "c2_recon_only_recon": 0.9893276691436768,
    "c3_untrained_iia": 0.0,
    "c3_untrained_recon": 730.45458984375,
    "c7_unconstrained_iia": 0.011111111111111112,
    "c7_unconstrained_recon": 0.9183851480484009,
    "random_das_iia": 0.0,
    "pi_plain_vae_iia": 0.005555555555555556,
    "pi_plain_vae_recon_mse": 0.3787873685359955,
    "pi_plain_vae_cls_acc": 1.0,
    "pi_plain_sae_iia": 0.6111111111111112,
    "pi_plain_sae_recon_mse": 0.19488893449306488,
    "pi_plain_sae_cls_acc": 1.0,
    "pi_plain_sae_l0": 0.9898295402526855,
    "pi_vae_iia": 0.0,
    "pi_vae_recon_mse": 0.899269700050354,
    "pi_vae_cls_acc": 1.0,
    "pi_sae_iia": 0.9777777777777777,
    "pi_sae_recon_mse": 0.6021784543991089,
    "pi_sae_cls_acc": 1.0,
    "pi_sae_l0": 0.9964583516120911
  },
  "k8": {
    "das_iia": 0.8611111111111112,
    "nl_das_iia": 0.8833333333333333,
    "vae_iia": 0.0,
    "vae_recon_mse": 0.9451518654823303,
    "vae_cls_acc": 1.0,
    "c1_random_labels_iia": 0.0,
    "c1_random_labels_recon": 1.2042449712753296,
    "c1_random_labels_cls_acc": 0.054999999701976776,
    "c2_recon_only_iia": 0.0,
    "c2_recon_only_recon": 1.1500706672668457,
    "c3_untrained_iia": 0.005555555555555556,
    "c3_untrained_recon": 727.5652465820312,
    "c7_unconstrained_iia": 0.044444444444444446,
    "c7_unconstrained_recon": 0.7381319999694824,
    "random_das_iia": 0.0,
    "pi_plain_vae_iia": 0.03333333333333333,
    "pi_plain_vae_recon_mse": 0.45554786920547485,
    "pi_plain_vae_cls_acc": 1.0,
    "pi_plain_sae_iia": 0.9055555555555556,
    "pi_plain_sae_recon_mse": 0.24781760573387146,
    "pi_plain_sae_cls_acc": 1.0,
    "pi_plain_sae_l0": 0.98807293176651,
    "pi_vae_iia": 0.016666666666666666,
    "pi_vae_recon_mse": 1.0165270566940308,
    "pi_vae_cls_acc": 1.0,
    "pi_sae_iia": 0.9777777777777777,
    "pi_sae_recon_mse": 0.5083073377609253,
    "pi_sae_cls_acc": 1.0,
    "pi_sae_l0": 0.9955468773841858
  },
  "elapsed_seconds": 2534.7,
  "timestamp": "2026-06-22T14:02:14Z"
}