{
  "operation": "power",
  "seed": 19,
  "grokked": false,
  "final_test_loss": 8.112147520885806,
  "final_test_acc": 0.26876211166381836,
  "n_epochs": 30000,
  "das_k2": {
    "iia": 0.9066666666666666,
    "equivariance": 0.03,
    "random_equiv": 0.006
  },
  "das_k4": {
    "iia": 0.9733333333333334,
    "equivariance": 0.014,
    "random_equiv": 0.012
  },
  "train_loss_final": 0.001874025211817504,
  "grok_epoch": null,
  "timestamp": "2026-06-22T01:48:12Z",
  "p_data": 113,
  "p_mod": 113
}