{
  "operation": "power",
  "seed": 7,
  "grokked": false,
  "final_test_loss": 10.534854803456335,
  "final_test_acc": 0.2713814079761505,
  "n_epochs": 30000,
  "das_k2": {
    "iia": 0.9066666666666666,
    "equivariance": 0.016,
    "random_equiv": 0.03
  },
  "das_k4": {
    "iia": 0.9466666666666667,
    "equivariance": 0.018,
    "random_equiv": 0.01
  },
  "train_loss_final": 8.396116635660563e-05,
  "grok_epoch": null,
  "timestamp": "2026-06-22T01:48:27Z",
  "p_data": 113,
  "p_mod": 113
}