{
  "operation": "power",
  "seed": 256,
  "grokked": false,
  "final_test_loss": 13.100941986629566,
  "final_test_acc": 0.3998405635356903,
  "n_epochs": 30000,
  "das_k2": {
    "iia": 0.96,
    "equivariance": 0.02,
    "random_equiv": 0.02
  },
  "das_k4": {
    "iia": 0.9866666666666667,
    "equivariance": 0.01,
    "random_equiv": 0.012
  },
  "train_loss_final": 2.305212875706564e-07,
  "grok_epoch": null,
  "timestamp": "2026-06-22T01:52:01Z",
  "p_data": 113,
  "p_mod": 113
}