{
  "operation": "composite_addition",
  "seed": 777,
  "grokked": false,
  "final_test_loss": 0.2264398043564637,
  "final_test_acc": 0.9487638473510742,
  "n_epochs": 30000,
  "das_k2": {
    "iia": 0.88,
    "equivariance": 0.07,
    "random_equiv": 0.08
  },
  "das_k4": {
    "iia": 0.9733333333333334,
    "equivariance": 0.074,
    "random_equiv": 0.12
  },
  "train_loss_final": 0.05326139840197201,
  "grok_epoch": null,
  "timestamp": "2026-06-22T02:00:13Z",
  "p_data": 113,
  "p_mod": 91
}