{
  "task": "gender_bias",
  "n_pairs": 986,
  "n_pairs_orig": 986,
  "n_classes": 2,
  "layer": 8,
  "n_seeds": 1,
  "max_pairs": 1000,
  "k1": {
    "das_iia": 0.5067567567567568,
    "nl_das_iia": 1.0,
    "vae_iia": 0.30067567567567566,
    "vae_recon_mse": 0.2540425658226013,
    "vae_cls_acc": 1.0,
    "c1_random_labels_iia": 0.23648648648648649,
    "c1_random_labels_recon": 0.3120136559009552,
    "c1_random_labels_cls_acc": 0.7949999570846558,
    "c2_recon_only_iia": 0.25,
    "c2_recon_only_recon": 0.2698528468608856,
    "c3_untrained_iia": 0.0,
    "c3_untrained_recon": 19.080108642578125,
    "c7_unconstrained_iia": 0.22972972972972974,
    "c7_unconstrained_recon": 0.252989798784256,
    "random_das_iia": 0.22972972972972974,
    "pi_plain_vae_iia": 0.3277027027027027,
    "pi_plain_vae_recon_mse": 0.19340041279792786,
    "pi_plain_vae_cls_acc": 1.0,
    "pi_plain_sae_iia": 0.30067567567567566,
    "pi_plain_sae_recon_mse": 0.13435979187488556,
    "pi_plain_sae_cls_acc": 1.0,
    "pi_plain_sae_l0": 0.9844117164611816,
    "pi_vae_iia": 0.2939189189189189,
    "pi_vae_recon_mse": 0.2743437886238098,
    "pi_vae_cls_acc": 1.0,
    "pi_sae_iia": 0.31756756756756754,
    "pi_sae_recon_mse": 0.2727818489074707,
    "pi_sae_cls_acc": 1.0,
    "pi_sae_l0": 1.0
  },
  "k2": {
    "das_iia": 0.7804054054054054,
    "nl_das_iia": 0.9966216216216216,
    "vae_iia": 0.31756756756756754,
    "vae_recon_mse": 0.35772594809532166,
    "vae_cls_acc": 1.0,
    "c1_random_labels_iia": 0.22972972972972974,
    "c1_random_labels_recon": 0.29763251543045044,
    "c1_random_labels_cls_acc": 0.7799999713897705,
    "c2_recon_only_iia": 0.23648648648648649,
    "c2_recon_only_recon": 0.28124651312828064,
    "c3_untrained_iia": 0.0,
    "c3_untrained_recon": 19.081790924072266,
    "c7_unconstrained_iia": 0.24324324324324326,
    "c7_unconstrained_recon": 0.2719666361808777,
    "random_das_iia": 0.23310810810810811,
    "pi_plain_vae_iia": 0.32094594594594594,
    "pi_plain_vae_recon_mse": 0.19966761767864227,
    "pi_plain_vae_cls_acc": 1.0,
    "pi_plain_sae_iia": 0.2939189189189189,
    "pi_plain_sae_recon_mse": 0.14452201128005981,
    "pi_plain_sae_cls_acc": 1.0,
    "pi_plain_sae_l0": 0.9822222590446472,
    "pi_vae_iia": 0.30743243243243246,
    "pi_vae_recon_mse": 0.24566498398780823,
    "pi_vae_cls_acc": 1.0,
    "pi_sae_iia": 0.4222972972972973,
    "pi_sae_recon_mse": 0.28250330686569214,
    "pi_sae_cls_acc": 1.0,
    "pi_sae_l0": 0.9943749904632568
  },
  "k4": {
    "das_iia": 0.8445945945945946,
    "nl_das_iia": 0.9966216216216216,
    "vae_iia": 0.30067567567567566,
    "vae_recon_mse": 0.2502976655960083,
    "vae_cls_acc": 1.0,
    "c1_random_labels_iia": 0.23310810810810811,
    "c1_random_labels_recon": 0.29710760712623596,
    "c1_random_labels_cls_acc": 0.7849999666213989,
    "c2_recon_only_iia": 0.22635135135135134,
    "c2_recon_only_recon": 0.28933364152908325,
    "c3_untrained_iia": 0.0,
    "c3_untrained_recon": 19.032764434814453,
    "c7_unconstrained_iia": 0.24662162162162163,
    "c7_unconstrained_recon": 0.2536287009716034,
    "random_das_iia": 0.22972972972972974,
    "pi_plain_vae_iia": 0.40540540540540543,
    "pi_plain_vae_recon_mse": 0.19956909120082855,
    "pi_plain_vae_cls_acc": 1.0,
    "pi_plain_sae_iia": 0.2905405405405405,
    "pi_plain_sae_recon_mse": 0.1316673308610916,
    "pi_plain_sae_cls_acc": 1.0,
    "pi_plain_sae_l0": 0.9932813048362732,
    "pi_vae_iia": 0.30067567567567566,
    "pi_vae_recon_mse": 0.24760422110557556,
    "pi_vae_cls_acc": 1.0,
    "pi_sae_iia": 0.4358108108108108,
    "pi_sae_recon_mse": 0.21586769819259644,
    "pi_sae_cls_acc": 1.0,
    "pi_sae_l0": 0.9915624856948853
  },
  "elapsed_seconds": 1422.4,
  "timestamp": "2026-06-23T00:16:28Z"
}