{
  "task": "greater_than",
  "n_pairs": 1000,
  "n_pairs_orig": 1000,
  "n_classes": 98,
  "layer": 8,
  "n_seeds": 1,
  "max_pairs": 1000,
  "k1": {
    "das_iia": 0.9266666666666666,
    "das_strict_iia": 0.2833333333333333,
    "nl_das_iia": 1.0,
    "nl_das_strict_iia": 1.0,
    "vae_iia": 0.38333333333333336,
    "vae_strict_iia": 0.0,
    "vae_recon_mse": 0.493833988904953,
    "vae_cls_acc": 0.5099999904632568,
    "c1_random_labels_iia": 0.43,
    "c1_random_labels_strict_iia": 0.0,
    "c1_random_labels_recon": 0.5983544588088989,
    "c1_random_labels_cls_acc": 0.5099999904632568,
    "c2_recon_only_iia": 0.4266666666666667,
    "c2_recon_only_strict_iia": 0.0,
    "c2_recon_only_recon": 0.558742105960846,
    "c3_untrained_iia": 0.6766666666666666,
    "c3_untrained_strict_iia": 0.0,
    "c3_untrained_recon": 19.455547332763672,
    "c7_unconstrained_iia": 0.4266666666666667,
    "c7_unconstrained_strict_iia": 0.0,
    "c7_unconstrained_recon": 0.5202314257621765,
    "random_das_iia": 0.45,
    "random_das_strict_iia": 0.0,
    "pi_plain_vae_iia": 0.43,
    "pi_plain_vae_strict_iia": 0.0,
    "pi_plain_vae_recon_mse": 0.1696922332048416,
    "pi_plain_vae_cls_acc": 0.5349999666213989,
    "pi_plain_sae_iia": 0.41333333333333333,
    "pi_plain_sae_strict_iia": 0.0,
    "pi_plain_sae_recon_mse": 0.10112553834915161,
    "pi_plain_sae_cls_acc": 1.0,
    "pi_plain_sae_l0": 0.990698516368866,
    "pi_vae_iia": 0.38666666666666666,
    "pi_vae_strict_iia": 0.0,
    "pi_vae_recon_mse": 0.4694118797779083,
    "pi_vae_cls_acc": 0.5,
    "pi_sae_iia": 0.37333333333333335,
    "pi_sae_strict_iia": 0.0,
    "pi_sae_recon_mse": 0.23981323838233948,
    "pi_sae_cls_acc": 1.0,
    "pi_sae_l0": 0.9993749856948853
  },
  "k2": {
    "das_iia": 0.94,
    "das_strict_iia": 0.43,
    "nl_das_iia": 1.0,
    "nl_das_strict_iia": 1.0,
    "vae_iia": 0.39,
    "vae_strict_iia": 0.0,
    "vae_recon_mse": 0.38429924845695496,
    "vae_cls_acc": 0.6100000143051147,
    "c1_random_labels_iia": 0.43666666666666665,
    "c1_random_labels_strict_iia": 0.0,
    "c1_random_labels_recon": 0.5656902194023132,
    "c1_random_labels_cls_acc": 0.4650000035762787,
    "c2_recon_only_iia": 0.44,
    "c2_recon_only_strict_iia": 0.0,
    "c2_recon_only_recon": 0.5677787065505981,
    "c3_untrained_iia": 0.22333333333333333,
    "c3_untrained_strict_iia": 0.0,
    "c3_untrained_recon": 19.430519104003906,
    "c7_unconstrained_iia": 0.4266666666666667,
    "c7_unconstrained_strict_iia": 0.0,
    "c7_unconstrained_recon": 0.5337304472923279,
    "random_das_iia": 0.45,
    "random_das_strict_iia": 0.0,
    "pi_plain_vae_iia": 0.39,
    "pi_plain_vae_strict_iia": 0.0,
    "pi_plain_vae_recon_mse": 0.18001912534236908,
    "pi_plain_vae_cls_acc": 0.9049999713897705,
    "pi_plain_sae_iia": 0.36333333333333334,
    "pi_plain_sae_strict_iia": 0.0,
    "pi_plain_sae_recon_mse": 0.0950254574418068,
    "pi_plain_sae_cls_acc": 1.0,
    "pi_plain_sae_l0": 0.9898958802223206,
    "pi_vae_iia": 0.37666666666666665,
    "pi_vae_strict_iia": 0.0,
    "pi_vae_recon_mse": 0.3639865219593048,
    "pi_vae_cls_acc": 0.8399999737739563,
    "pi_sae_iia": 0.36666666666666664,
    "pi_sae_strict_iia": 0.0,
    "pi_sae_recon_mse": 0.24689273536205292,
    "pi_sae_cls_acc": 1.0,
    "pi_sae_l0": 0.9953124523162842
  },
  "k4": {
    "das_iia": 0.9666666666666667,
    "das_strict_iia": 0.55,
    "nl_das_iia": 1.0,
    "nl_das_strict_iia": 1.0,
    "vae_iia": 0.37333333333333335,
    "vae_strict_iia": 0.0,
    "vae_recon_mse": 0.26762068271636963,
    "vae_cls_acc": 0.9950000047683716,
    "c1_random_labels_iia": 0.45,
    "c1_random_labels_strict_iia": 0.0,
    "c1_random_labels_recon": 0.550013542175293,
    "c1_random_labels_cls_acc": 0.7099999785423279,
    "c2_recon_only_iia": 0.4266666666666667,
    "c2_recon_only_strict_iia": 0.0,
    "c2_recon_only_recon": 0.5485360622406006,
    "c3_untrained_iia": 0.41,
    "c3_untrained_strict_iia": 0.0,
    "c3_untrained_recon": 19.43113899230957,
    "c7_unconstrained_iia": 0.42333333333333334,
    "c7_unconstrained_strict_iia": 0.0,
    "c7_unconstrained_recon": 0.5694276094436646,
    "random_das_iia": 0.45,
    "random_das_strict_iia": 0.0,
    "pi_plain_vae_iia": 0.4166666666666667,
    "pi_plain_vae_strict_iia": 0.0,
    "pi_plain_vae_recon_mse": 0.17199403047561646,
    "pi_plain_vae_cls_acc": 1.0,
    "pi_plain_sae_iia": 0.37,
    "pi_plain_sae_strict_iia": 0.0,
    "pi_plain_sae_recon_mse": 0.09718581289052963,
    "pi_plain_sae_cls_acc": 1.0,
    "pi_plain_sae_l0": 0.9925312995910645,
    "pi_vae_iia": 0.37333333333333335,
    "pi_vae_strict_iia": 0.0,
    "pi_vae_recon_mse": 0.25281721353530884,
    "pi_vae_cls_acc": 1.0,
    "pi_sae_iia": 0.38333333333333336,
    "pi_sae_strict_iia": 0.0,
    "pi_sae_recon_mse": 0.20580877363681793,
    "pi_sae_cls_acc": 1.0,
    "pi_sae_l0": 0.99671870470047
  },
  "elapsed_seconds": 1381.9,
  "timestamp": "2026-06-23T00:38:30Z"
}