{
  "operation": "composite_addition",
  "seed": 7,
  "grokked": false,
  "final_test_loss": 0.21275195736328947,
  "final_test_acc": 0.9542454481124878,
  "n_epochs": 30000,
  "das_k2": {
    "iia": 0.8933333333333333,
    "equivariance": 0.108,
    "random_equiv": 0.078
  },
  "das_k4": {
    "iia": 0.9333333333333333,
    "equivariance": 0.06,
    "random_equiv": 0.048
  },
  "train_loss_final": 0.008382819357964493,
  "grok_epoch": null,
  "timestamp": "2026-06-22T01:56:15Z",
  "p_data": 113,
  "p_mod": 91
}