{
  "operation": "power",
  "seed": 500,
  "grokked": false,
  "final_test_loss": 8.723041983128931,
  "final_test_acc": 0.5122423768043518,
  "n_epochs": 30000,
  "das_k2": {
    "iia": 0.9466666666666667,
    "equivariance": 0.012,
    "random_equiv": 0.01
  },
  "das_k4": {
    "iia": 1.0,
    "equivariance": 0.014,
    "random_equiv": 0.008
  },
  "train_loss_final": 1.9524082343038685e-07,
  "grok_epoch": null,
  "timestamp": "2026-06-22T01:52:36Z",
  "p_data": 113,
  "p_mod": 113
}