{
  "task": "mixed_product",
  "grokked": false,
  "test_accuracy": 0.15460342168807983,
  "k1": {
    "das_iia": 0.011111111111111112,
    "nl_das_iia": 0.20555555555555555,
    "vae_iia": 0.005555555555555556,
    "vae_recon_mse": 27.976425170898438,
    "vae_cls_acc": 0.5699999928474426,
    "c1_random_labels_iia": 0.0,
    "c1_random_labels_recon": 30.7783203125,
    "c1_random_labels_cls_acc": 0.03500000014901161,
    "c2_recon_only_iia": 0.005555555555555556,
    "c2_recon_only_recon": 28.784730911254883,
    "c3_untrained_iia": 0.016666666666666666,
    "c3_untrained_recon": 873.3910522460938,
    "c7_unconstrained_iia": 0.0,
    "c7_unconstrained_recon": 29.907840728759766,
    "random_das_iia": 0.005555555555555556,
    "pi_plain_vae_iia": 0.005555555555555556,
    "pi_plain_vae_recon_mse": 30.639883041381836,
    "pi_plain_vae_cls_acc": 0.574999988079071,
    "pi_plain_sae_iia": 0.005555555555555556,
    "pi_plain_sae_recon_mse": 3.046931028366089,
    "pi_plain_sae_cls_acc": 0.6100000143051147,
    "pi_plain_sae_l0": 0.9972058534622192,
    "pi_vae_iia": 0.005555555555555556,
    "pi_vae_recon_mse": 28.132387161254883,
    "pi_vae_cls_acc": 0.5699999928474426,
    "pi_sae_iia": 0.016666666666666666,
    "pi_sae_recon_mse": 18.387836456298828,
    "pi_sae_cls_acc": 0.5949999690055847,
    "pi_sae_l0": 1.0
  },
  "k2": {
    "das_iia": 0.016666666666666666,
    "nl_das_iia": 0.6,
    "vae_iia": 0.0,
    "vae_recon_mse": 27.382780075073242,
    "vae_cls_acc": 0.5699999928474426,
    "c1_random_labels_iia": 0.0,
    "c1_random_labels_recon": 26.950883865356445,
    "c1_random_labels_cls_acc": 0.019999999552965164,
    "c2_recon_only_iia": 0.005555555555555556,
    "c2_recon_only_recon": 27.62762451171875,
    "c3_untrained_iia": 0.016666666666666666,
    "c3_untrained_recon": 872.1068725585938,
    "c7_unconstrained_iia": 0.011111111111111112,
    "c7_unconstrained_recon": 24.872220993041992,
    "random_das_iia": 0.011111111111111112,
    "pi_plain_vae_iia": 0.027777777777777776,
    "pi_plain_vae_recon_mse": 26.59919548034668,
    "pi_plain_vae_cls_acc": 0.574999988079071,
    "pi_plain_sae_iia": 0.011111111111111112,
    "pi_plain_sae_recon_mse": 4.978999137878418,
    "pi_plain_sae_cls_acc": 0.6499999761581421,
    "pi_plain_sae_l0": 0.9862847328186035,
    "pi_vae_iia": 0.011111111111111112,
    "pi_vae_recon_mse": 25.26792335510254,
    "pi_vae_cls_acc": 0.574999988079071,
    "pi_sae_iia": 0.03888888888888889,
    "pi_sae_recon_mse": 15.16906452178955,
    "pi_sae_cls_acc": 0.6299999952316284,
    "pi_sae_l0": 0.9990624785423279
  },
  "k4": {
    "das_iia": 0.011111111111111112,
    "nl_das_iia": 0.8888888888888888,
    "vae_iia": 0.005555555555555556,
    "vae_recon_mse": 20.618371963500977,
    "vae_cls_acc": 0.574999988079071,
    "c1_random_labels_iia": 0.011111111111111112,
    "c1_random_labels_recon": 21.235492706298828,
    "c1_random_labels_cls_acc": 0.029999999329447746,
    "c2_recon_only_iia": 0.005555555555555556,
    "c2_recon_only_recon": 21.170166015625,
    "c3_untrained_iia": 0.011111111111111112,
    "c3_untrained_recon": 876.9924926757812,
    "c7_unconstrained_iia": 0.011111111111111112,
    "c7_unconstrained_recon": 21.930316925048828,
    "random_das_iia": 0.005555555555555556,
    "pi_plain_vae_iia": 0.0,
    "pi_plain_vae_recon_mse": 21.52635383605957,
    "pi_plain_vae_cls_acc": 0.5799999833106995,
    "pi_plain_sae_iia": 0.027777777777777776,
    "pi_plain_sae_recon_mse": 5.415252685546875,
    "pi_plain_sae_cls_acc": 0.6949999928474426,
    "pi_plain_sae_l0": 0.9858750700950623,
    "pi_vae_iia": 0.016666666666666666,
    "pi_vae_recon_mse": 21.133310317993164,
    "pi_vae_cls_acc": 0.5799999833106995,
    "pi_sae_iia": 0.06666666666666667,
    "pi_sae_recon_mse": 11.549142837524414,
    "pi_sae_cls_acc": 0.6649999618530273,
    "pi_sae_l0": 0.9907812476158142
  },
  "elapsed_seconds": 1830.5,
  "timestamp": "2026-06-22T12:24:34Z"
}