{
  "task": "capitals",
  "n_pairs": 190,
  "n_classes": 182,
  "k1": {
    "das_iia": 0.0,
    "nl_das_iia": 0.0,
    "vae_iia": 0.0,
    "vae_recon_mse": 2.5179355144500732,
    "vae_cls_acc": 0.03999999910593033,
    "c1_random_labels_iia": 0.0,
    "c1_random_labels_recon": 2.600405216217041,
    "c1_random_labels_cls_acc": 0.014999999664723873,
    "c2_recon_only_iia": 0.0,
    "c2_recon_only_recon": 2.982351064682007,
    "c3_untrained_iia": 0.0,
    "c3_untrained_recon": 74.89132690429688,
    "c7_unconstrained_iia": 0.0,
    "c7_unconstrained_recon": 2.8404462337493896,
    "random_das_iia": 0.0,
    "pi_plain_vae_iia": 0.0,
    "pi_plain_vae_recon_mse": 1.3571665287017822,
    "pi_plain_vae_cls_acc": 0.06499999761581421,
    "pi_plain_sae_iia": 0.0,
    "pi_plain_sae_recon_mse": 0.5888911485671997,
    "pi_plain_sae_cls_acc": 1.0,
    "pi_plain_sae_l0": 0.9909926056861877,
    "pi_vae_iia": 0.0,
    "pi_vae_recon_mse": 2.3870184421539307,
    "pi_vae_cls_acc": 0.03500000014901161,
    "pi_sae_iia": 0.12280701754385964,
    "pi_sae_recon_mse": 1.4986358880996704,
    "pi_sae_cls_acc": 1.0,
    "pi_sae_l0": 0.9993749856948853
  },
  "k2": {
    "das_iia": 0.017543859649122806,
    "nl_das_iia": 0.08771929824561403,
    "vae_iia": 0.0,
    "vae_recon_mse": 2.025202512741089,
    "vae_cls_acc": 0.14499999582767487,
    "c1_random_labels_iia": 0.0,
    "c1_random_labels_recon": 2.374826669692993,
    "c1_random_labels_cls_acc": 0.0949999988079071,
    "c2_recon_only_iia": 0.0,
    "c2_recon_only_recon": 3.217111110687256,
    "c3_untrained_iia": 0.0,
    "c3_untrained_recon": 75.00785064697266,
    "c7_unconstrained_iia": 0.0,
    "c7_unconstrained_recon": 2.657623052597046,
    "random_das_iia": 0.0,
    "pi_plain_vae_iia": 0.0,
    "pi_plain_vae_recon_mse": 1.2236498594284058,
    "pi_plain_vae_cls_acc": 0.2449999898672104,
    "pi_plain_sae_iia": 0.03508771929824561,
    "pi_plain_sae_recon_mse": 0.5591610670089722,
    "pi_plain_sae_cls_acc": 1.0,
    "pi_plain_sae_l0": 0.9926041960716248,
    "pi_vae_iia": 0.0,
    "pi_vae_recon_mse": 2.2372934818267822,
    "pi_vae_cls_acc": 0.14000000059604645,
    "pi_sae_iia": 0.40350877192982454,
    "pi_sae_recon_mse": 1.006484866142273,
    "pi_sae_cls_acc": 1.0,
    "pi_sae_l0": 0.9990624785423279
  },
  "k4": {
    "das_iia": 0.017543859649122806,
    "nl_das_iia": 0.07017543859649122,
    "vae_iia": 0.017543859649122806,
    "vae_recon_mse": 1.7723698616027832,
    "vae_cls_acc": 0.7149999737739563,
    "c1_random_labels_iia": 0.0,
    "c1_random_labels_recon": 1.9348397254943848,
    "c1_random_labels_cls_acc": 0.3199999928474426,
    "c2_recon_only_iia": 0.0,
    "c2_recon_only_recon": 2.9952878952026367,
    "c3_untrained_iia": 0.0,
    "c3_untrained_recon": 75.2385025024414,
    "c7_unconstrained_iia": 0.017543859649122806,
    "c7_unconstrained_recon": 2.634129762649536,
    "random_das_iia": 0.0,
    "pi_plain_vae_iia": 0.017543859649122806,
    "pi_plain_vae_recon_mse": 1.128096342086792,
    "pi_plain_vae_cls_acc": 0.9449999928474426,
    "pi_plain_sae_iia": 0.24561403508771928,
    "pi_plain_sae_recon_mse": 0.5370834469795227,
    "pi_plain_sae_cls_acc": 1.0,
    "pi_plain_sae_l0": 0.991437554359436,
    "pi_vae_iia": 0.0,
    "pi_vae_recon_mse": 1.8409607410430908,
    "pi_vae_cls_acc": 0.8299999833106995,
    "pi_sae_iia": 0.3684210526315789,
    "pi_sae_recon_mse": 0.8663326501846313,
    "pi_sae_cls_acc": 1.0,
    "pi_sae_l0": 0.9959374666213989
  },
  "elapsed_seconds": 1087.0,
  "timestamp": "2026-06-22T20:38:01Z"
}