{
  "task": "hypernymy",
  "n_pairs": 198,
  "n_pairs_orig": 198,
  "n_classes": 30,
  "layer": 8,
  "n_seeds": 1,
  "max_pairs": 1000,
  "k1": {
    "das_iia": 0.05,
    "das_strict_iia": 0.05,
    "nl_das_iia": 0.95,
    "nl_das_strict_iia": 0.2,
    "vae_iia": 0.0,
    "vae_strict_iia": 0.0,
    "vae_recon_mse": 0.797103762626648,
    "vae_cls_acc": 0.17499999701976776,
    "c1_random_labels_iia": 0.0,
    "c1_random_labels_strict_iia": 0.0,
    "c1_random_labels_recon": 0.8139834403991699,
    "c1_random_labels_cls_acc": 0.17000000178813934,
    "c2_recon_only_iia": 0.0,
    "c2_recon_only_strict_iia": 0.0,
    "c2_recon_only_recon": 0.8572902679443359,
    "c3_untrained_iia": 0.35,
    "c3_untrained_strict_iia": 0.0,
    "c3_untrained_recon": 22.788393020629883,
    "c7_unconstrained_iia": 0.0,
    "c7_unconstrained_strict_iia": 0.0,
    "c7_unconstrained_recon": 0.7965922355651855,
    "random_das_iia": 0.0,
    "random_das_strict_iia": 0.0,
    "pi_plain_vae_iia": 0.08333333333333333,
    "pi_plain_vae_strict_iia": 0.03333333333333333,
    "pi_plain_vae_recon_mse": 0.5156341195106506,
    "pi_plain_vae_cls_acc": 0.4050000011920929,
    "pi_plain_sae_iia": 0.15,
    "pi_plain_sae_strict_iia": 0.016666666666666666,
    "pi_plain_sae_recon_mse": 0.3720865845680237,
    "pi_plain_sae_cls_acc": 1.0,
    "pi_plain_sae_l0": 0.9920588135719299,
    "pi_vae_iia": 0.05,
    "pi_vae_strict_iia": 0.0,
    "pi_vae_recon_mse": 0.7143074870109558,
    "pi_vae_cls_acc": 0.3050000071525574,
    "pi_sae_iia": 0.5833333333333334,
    "pi_sae_strict_iia": 0.16666666666666666,
    "pi_sae_recon_mse": 0.6504401564598083,
    "pi_sae_cls_acc": 1.0,
    "pi_sae_l0": 1.0
  },
  "k2": {
    "das_iia": 0.1,
    "das_strict_iia": 0.03333333333333333,
    "nl_das_iia": 0.85,
    "nl_das_strict_iia": 0.16666666666666666,
    "vae_iia": 0.13333333333333333,
    "vae_strict_iia": 0.05,
    "vae_recon_mse": 0.728798508644104,
    "vae_cls_acc": 0.7199999690055847,
    "c1_random_labels_iia": 0.0,
    "c1_random_labels_strict_iia": 0.0,
    "c1_random_labels_recon": 0.7394933700561523,
    "c1_random_labels_cls_acc": 0.3700000047683716,
    "c2_recon_only_iia": 0.0,
    "c2_recon_only_strict_iia": 0.0,
    "c2_recon_only_recon": 0.8282198905944824,
    "c3_untrained_iia": 0.43333333333333335,
    "c3_untrained_strict_iia": 0.0,
    "c3_untrained_recon": 22.832324981689453,
    "c7_unconstrained_iia": 0.0,
    "c7_unconstrained_strict_iia": 0.0,
    "c7_unconstrained_recon": 0.7943185567855835,
    "random_das_iia": 0.0,
    "random_das_strict_iia": 0.0,
    "pi_plain_vae_iia": 0.05,
    "pi_plain_vae_strict_iia": 0.03333333333333333,
    "pi_plain_vae_recon_mse": 0.5309125781059265,
    "pi_plain_vae_cls_acc": 0.8949999809265137,
    "pi_plain_sae_iia": 0.15,
    "pi_plain_sae_strict_iia": 0.06666666666666667,
    "pi_plain_sae_recon_mse": 0.355412095785141,
    "pi_plain_sae_cls_acc": 1.0,
    "pi_plain_sae_l0": 0.9915972352027893,
    "pi_vae_iia": 0.18333333333333332,
    "pi_vae_strict_iia": 0.03333333333333333,
    "pi_vae_recon_mse": 0.6659517884254456,
    "pi_vae_cls_acc": 0.7400000095367432,
    "pi_sae_iia": 0.55,
    "pi_sae_strict_iia": 0.16666666666666666,
    "pi_sae_recon_mse": 0.6285215616226196,
    "pi_sae_cls_acc": 1.0,
    "pi_sae_l0": 0.9962499737739563
  },
  "k4": {
    "das_iia": 0.25,
    "das_strict_iia": 0.1,
    "nl_das_iia": 0.9,
    "nl_das_strict_iia": 0.2833333333333333,
    "vae_iia": 0.45,
    "vae_strict_iia": 0.11666666666666667,
    "vae_recon_mse": 0.6649097800254822,
    "vae_cls_acc": 0.9899999499320984,
    "c1_random_labels_iia": 0.0,
    "c1_random_labels_strict_iia": 0.0,
    "c1_random_labels_recon": 0.6596458554267883,
    "c1_random_labels_cls_acc": 0.7450000047683716,
    "c2_recon_only_iia": 0.0,
    "c2_recon_only_strict_iia": 0.0,
    "c2_recon_only_recon": 0.8139550089836121,
    "c3_untrained_iia": 0.38333333333333336,
    "c3_untrained_strict_iia": 0.0,
    "c3_untrained_recon": 22.826112747192383,
    "c7_unconstrained_iia": 0.0,
    "c7_unconstrained_strict_iia": 0.0,
    "c7_unconstrained_recon": 0.7544673085212708,
    "random_das_iia": 0.0,
    "random_das_strict_iia": 0.0,
    "pi_plain_vae_iia": 0.2833333333333333,
    "pi_plain_vae_strict_iia": 0.0,
    "pi_plain_vae_recon_mse": 0.5568816661834717,
    "pi_plain_vae_cls_acc": 1.0,
    "pi_plain_sae_iia": 0.23333333333333334,
    "pi_plain_sae_strict_iia": 0.03333333333333333,
    "pi_plain_sae_recon_mse": 0.2997463345527649,
    "pi_plain_sae_cls_acc": 1.0,
    "pi_plain_sae_l0": 0.9929687976837158,
    "pi_vae_iia": 0.5333333333333333,
    "pi_vae_strict_iia": 0.21666666666666667,
    "pi_vae_recon_mse": 0.6649631261825562,
    "pi_vae_cls_acc": 1.0,
    "pi_sae_iia": 0.6,
    "pi_sae_strict_iia": 0.13333333333333333,
    "pi_sae_recon_mse": 0.528321385383606,
    "pi_sae_cls_acc": 1.0,
    "pi_sae_l0": 0.9959374666213989
  },
  "elapsed_seconds": 1021.5,
  "timestamp": "2026-06-23T00:32:42Z"
}