{
  "operation": "composite_addition",
  "seed": 42,
  "grokked": false,
  "final_test_loss": 0.2644317813344263,
  "final_test_acc": 0.9441772103309631,
  "n_epochs": 30000,
  "das_k2": {
    "iia": 0.8,
    "equivariance": 0.06,
    "random_equiv": 0.056
  },
  "das_k4": {
    "iia": 0.9866666666666667,
    "equivariance": 0.1,
    "random_equiv": 0.04
  },
  "train_loss_final": 0.009443841196152712,
  "grok_epoch": 8334,
  "timestamp": "2026-06-22T01:53:02Z",
  "p_data": 113,
  "p_mod": 91
}