{
  "operation": "power",
  "seed": 53,
  "grokked": false,
  "final_test_loss": 12.0969464676227,
  "final_test_acc": 0.4162396192550659,
  "n_epochs": 30000,
  "das_k2": {
    "iia": 0.96,
    "equivariance": 0.016,
    "random_equiv": 0.014
  },
  "das_k4": {
    "iia": 1.0,
    "equivariance": 0.008,
    "random_equiv": 0.012
  },
  "train_loss_final": 2.1733784977772365e-07,
  "grok_epoch": null,
  "timestamp": "2026-06-22T01:49:14Z",
  "p_data": 113,
  "p_mod": 113
}