{
  "task": "sva",
  "n_pairs": 12400,
  "n_classes": 2,
  "k1": {
    "das_iia": 0.0,
    "nl_das_iia": 0.9989247311827957,
    "vae_iia": 0.0,
    "vae_recon_mse": 1.0459260940551758,
    "vae_cls_acc": 1.0,
    "c1_random_labels_iia": 0.0,
    "c1_random_labels_recon": 1.0294917821884155,
    "c1_random_labels_cls_acc": 0.41499999165534973,
    "c2_recon_only_iia": 0.0,
    "c2_recon_only_recon": 1.0074394941329956,
    "c3_untrained_iia": 0.0,
    "c3_untrained_recon": 68.45441436767578,
    "c7_unconstrained_iia": 0.0,
    "c7_unconstrained_recon": 0.939728319644928,
    "random_das_iia": 0.0,
    "pi_plain_vae_iia": 0.0,
    "pi_plain_vae_recon_mse": 0.7816058993339539,
    "pi_plain_vae_cls_acc": 1.0,
    "pi_plain_sae_iia": 0.0,
    "pi_plain_sae_recon_mse": 0.5759692788124084,
    "pi_plain_sae_cls_acc": 1.0,
    "pi_plain_sae_l0": 0.645588219165802,
    "pi_vae_iia": 0.0,
    "pi_vae_recon_mse": 1.0236748456954956,
    "pi_vae_cls_acc": 1.0,
    "pi_sae_iia": 0.0,
    "pi_sae_recon_mse": 1.0426592826843262,
    "pi_sae_cls_acc": 1.0,
    "pi_sae_l0": 0.46562498807907104
  },
  "k2": {
    "das_iia": 0.03844086021505377,
    "nl_das_iia": 0.9959677419354839,
    "vae_iia": 0.0,
    "vae_recon_mse": 1.0531034469604492,
    "vae_cls_acc": 1.0,
    "c1_random_labels_iia": 0.0,
    "c1_random_labels_recon": 0.9991596937179565,
    "c1_random_labels_cls_acc": 0.44999998807907104,
    "c2_recon_only_iia": 0.0,
    "c2_recon_only_recon": 0.9914330244064331,
    "c3_untrained_iia": 0.0,
    "c3_untrained_recon": 68.50393676757812,
    "c7_unconstrained_iia": 0.0,
    "c7_unconstrained_recon": 0.9915193915367126,
    "random_das_iia": 0.0,
    "pi_plain_vae_iia": 0.0,
    "pi_plain_vae_recon_mse": 0.7896630764007568,
    "pi_plain_vae_cls_acc": 1.0,
    "pi_plain_sae_iia": 0.0,
    "pi_plain_sae_recon_mse": 0.5422235131263733,
    "pi_plain_sae_cls_acc": 1.0,
    "pi_plain_sae_l0": 0.7444791793823242,
    "pi_vae_iia": 0.0,
    "pi_vae_recon_mse": 1.0313800573349,
    "pi_vae_cls_acc": 1.0,
    "pi_sae_iia": 0.0,
    "pi_sae_recon_mse": 0.9909000992774963,
    "pi_sae_cls_acc": 1.0,
    "pi_sae_l0": 0.8034374713897705
  },
  "k4": {
    "das_iia": 0.020967741935483872,
    "nl_das_iia": 0.9994623655913979,
    "vae_iia": 0.0,
    "vae_recon_mse": 1.0151135921478271,
    "vae_cls_acc": 1.0,
    "c1_random_labels_iia": 0.0,
    "c1_random_labels_recon": 1.01613450050354,
    "c1_random_labels_cls_acc": 0.4749999940395355,
    "c2_recon_only_iia": 0.0,
    "c2_recon_only_recon": 1.0716357231140137,
    "c3_untrained_iia": 0.0,
    "c3_untrained_recon": 68.47496795654297,
    "c7_unconstrained_iia": 0.0,
    "c7_unconstrained_recon": 0.9436259269714355,
    "random_das_iia": 0.0,
    "pi_plain_vae_iia": 0.0,
    "pi_plain_vae_recon_mse": 0.8551726341247559,
    "pi_plain_vae_cls_acc": 1.0,
    "pi_plain_sae_iia": 0.0,
    "pi_plain_sae_recon_mse": 0.5563666820526123,
    "pi_plain_sae_cls_acc": 1.0,
    "pi_plain_sae_l0": 0.6518125534057617,
    "pi_vae_iia": 0.0,
    "pi_vae_recon_mse": 0.9578114151954651,
    "pi_vae_cls_acc": 1.0,
    "pi_sae_iia": 0.0,
    "pi_sae_recon_mse": 0.8098386526107788,
    "pi_sae_cls_acc": 1.0,
    "pi_sae_l0": 0.8318749666213989
  },
  "elapsed_seconds": 7330.0,
  "timestamp": "2026-06-22T22:21:55Z"
}