{
  "timestamp": "2026-06-22T02:42:47Z",
  "ioi": {
    "task": "ioi",
    "k1": {
      "das_iia_all": 0.19327731092436976,
      "das_iia_hard": 0.14285714285714285,
      "vae_iia_all": 0.20336134453781513,
      "vae_iia_hard": 0.31932773109243695,
      "vae_cls_acc": 0.5949999690055847,
      "delta_all": 0.01008403361344537,
      "delta_hard": 0.1764705882352941
    },
    "k2": {
      "das_iia_all": 0.28739495798319326,
      "das_iia_hard": 0.21008403361344538,
      "vae_iia_all": 0.7478991596638656,
      "vae_iia_hard": 0.8487394957983193,
      "vae_cls_acc": 1.0,
      "delta_all": 0.4605042016806723,
      "delta_hard": 0.6386554621848739
    },
    "k4": {
      "das_iia_all": 0.5478991596638656,
      "das_iia_hard": 0.3865546218487395,
      "vae_iia_all": 0.9747899159663865,
      "vae_iia_hard": 1.0,
      "vae_cls_acc": 1.0,
      "delta_all": 0.42689075630252094,
      "delta_hard": 0.6134453781512605
    }
  },
  "addition": {
    "task": "addition",
    "grokked": true,
    "test_accuracy": 0.9995525479316711,
    "k1": {
      "das_iia": 0.0,
      "vae_iia": 0.0,
      "vae_cls_acc": 0.07999999821186066,
      "delta": 0.0
    },
    "k2": {
      "das_iia": 0.06666666666666667,
      "vae_iia": 0.016666666666666666,
      "vae_cls_acc": 0.5999999642372131,
      "delta": -0.05
    },
    "k4": {
      "das_iia": 0.3055555555555556,
      "vae_iia": 0.03333333333333333,
      "vae_cls_acc": 1.0,
      "delta": -0.27222222222222225
    }
  },
  "multiplication": {
    "task": "multiplication",
    "grokked": true,
    "test_accuracy": 1.0,
    "k1": {
      "das_iia": 0.022222222222222223,
      "vae_iia": 0.0,
      "vae_cls_acc": 0.14999999105930328,
      "delta": -0.022222222222222223
    },
    "k2": {
      "das_iia": 0.06666666666666667,
      "vae_iia": 0.0,
      "vae_cls_acc": 0.9449999928474426,
      "delta": -0.06666666666666667
    },
    "k4": {
      "das_iia": 0.2777777777777778,
      "vae_iia": 0.0,
      "vae_cls_acc": 1.0,
      "delta": -0.2777777777777778
    }
  },
  "squaring": {
    "task": "squaring",
    "grokked": false,
    "test_accuracy": 0.012500000186264515,
    "k1": {
      "das_iia": 0.0,
      "vae_iia": 0.0,
      "vae_cls_acc": 0.02500000037252903,
      "delta": 0.0
    },
    "k2": {
      "das_iia": 0.0,
      "vae_iia": 0.0,
      "vae_cls_acc": 0.02500000037252903,
      "delta": 0.0
    },
    "k4": {
      "das_iia": 0.0,
      "vae_iia": 0.0,
      "vae_cls_acc": 0.02500000037252903,
      "delta": 0.0
    }
  },
  "elapsed_seconds": 1440.0
}