{
  "task": "multiplication_mod91",
  "grokked": false,
  "test_accuracy": 0.21375660598278046,
  "modulus": 91,
  "k1": {
    "das_iia": 0.005555555555555556,
    "nl_das_iia": 0.2222222222222222,
    "vae_iia": 0.011111111111111112,
    "vae_recon_mse": 6.502095699310303,
    "vae_cls_acc": 0.07000000029802322,
    "c1_random_labels_iia": 0.0,
    "c1_random_labels_recon": 6.69424295425415,
    "c1_random_labels_cls_acc": 0.03500000014901161,
    "c2_recon_only_iia": 0.0,
    "c2_recon_only_recon": 7.061342239379883,
    "c3_untrained_iia": 0.0,
    "c3_untrained_recon": 554.5654907226562,
    "c7_unconstrained_iia": 0.0,
    "c7_unconstrained_recon": 5.908613681793213,
    "random_das_iia": 0.005555555555555556,
    "pi_plain_vae_iia": 0.03333333333333333,
    "pi_plain_vae_recon_mse": 5.86271858215332,
    "pi_plain_vae_cls_acc": 0.08500000089406967,
    "pi_plain_sae_iia": 0.09444444444444444,
    "pi_plain_sae_recon_mse": 1.7652044296264648,
    "pi_plain_sae_cls_acc": 0.7699999809265137,
    "pi_plain_sae_l0": 0.9892278909683228,
    "pi_vae_iia": 0.005555555555555556,
    "pi_vae_recon_mse": 7.169497966766357,
    "pi_vae_cls_acc": 0.08500000089406967,
    "pi_sae_iia": 0.16666666666666666,
    "pi_sae_recon_mse": 5.879134178161621,
    "pi_sae_cls_acc": 0.75,
    "pi_sae_l0": 0.9993749856948853
  },
  "k2": {
    "das_iia": 0.022222222222222223,
    "nl_das_iia": 0.5722222222222222,
    "vae_iia": 0.027777777777777776,
    "vae_recon_mse": 6.667819499969482,
    "vae_cls_acc": 0.25,
    "c1_random_labels_iia": 0.005555555555555556,
    "c1_random_labels_recon": 5.658771991729736,
    "c1_random_labels_cls_acc": 0.029999999329447746,
    "c2_recon_only_iia": 0.022222222222222223,
    "c2_recon_only_recon": 4.948670387268066,
    "c3_untrained_iia": 0.011111111111111112,
    "c3_untrained_recon": 552.39111328125,
    "c7_unconstrained_iia": 0.005555555555555556,
    "c7_unconstrained_recon": 5.271966457366943,
    "random_das_iia": 0.005555555555555556,
    "pi_plain_vae_iia": 0.011111111111111112,
    "pi_plain_vae_recon_mse": 5.292685508728027,
    "pi_plain_vae_cls_acc": 0.375,
    "pi_plain_sae_iia": 0.18333333333333332,
    "pi_plain_sae_recon_mse": 1.7909417152404785,
    "pi_plain_sae_cls_acc": 0.8999999761581421,
    "pi_plain_sae_l0": 0.9912152886390686,
    "pi_vae_iia": 0.022222222222222223,
    "pi_vae_recon_mse": 7.587123870849609,
    "pi_vae_cls_acc": 0.3449999988079071,
    "pi_sae_iia": 0.22777777777777777,
    "pi_sae_recon_mse": 4.669191360473633,
    "pi_sae_cls_acc": 0.8549999594688416,
    "pi_sae_l0": 0.9987499713897705
  },
  "k3": {
    "das_iia": 0.044444444444444446,
    "nl_das_iia": 0.8277777777777777,
    "vae_iia": 0.011111111111111112,
    "vae_recon_mse": 6.770096302032471,
    "vae_cls_acc": 0.5249999761581421,
    "c1_random_labels_iia": 0.011111111111111112,
    "c1_random_labels_recon": 4.890472888946533,
    "c1_random_labels_cls_acc": 0.009999999776482582,
    "c2_recon_only_iia": 0.016666666666666666,
    "c2_recon_only_recon": 5.814766883850098,
    "c3_untrained_iia": 0.0,
    "c3_untrained_recon": 551.9727783203125,
    "c7_unconstrained_iia": 0.011111111111111112,
    "c7_unconstrained_recon": 5.391060829162598,
    "random_das_iia": 0.005555555555555556,
    "pi_plain_vae_iia": 0.03333333333333333,
    "pi_plain_vae_recon_mse": 6.061646461486816,
    "pi_plain_vae_cls_acc": 0.44999998807907104,
    "pi_plain_sae_iia": 0.15555555555555556,
    "pi_plain_sae_recon_mse": 1.9309632778167725,
    "pi_plain_sae_cls_acc": 0.9199999570846558,
    "pi_plain_sae_l0": 0.9930262565612793,
    "pi_vae_iia": 0.022222222222222223,
    "pi_vae_recon_mse": 6.5809149742126465,
    "pi_vae_cls_acc": 0.48499998450279236,
    "pi_sae_iia": 0.17777777777777778,
    "pi_sae_recon_mse": 3.5469906330108643,
    "pi_sae_cls_acc": 0.9049999713897705,
    "pi_sae_l0": 0.9991666674613953
  },
  "k4": {
    "das_iia": 0.08333333333333333,
    "nl_das_iia": 0.9388888888888889,
    "vae_iia": 0.06111111111111111,
    "vae_recon_mse": 7.17561149597168,
    "vae_cls_acc": 0.5149999856948853,
    "c1_random_labels_iia": 0.016666666666666666,
    "c1_random_labels_recon": 5.906938552856445,
    "c1_random_labels_cls_acc": 0.03500000014901161,
    "c2_recon_only_iia": 0.011111111111111112,
    "c2_recon_only_recon": 6.021988868713379,
    "c3_untrained_iia": 0.022222222222222223,
    "c3_untrained_recon": 551.66015625,
    "c7_unconstrained_iia": 0.011111111111111112,
    "c7_unconstrained_recon": 5.009134769439697,
    "random_das_iia": 0.0,
    "pi_plain_vae_iia": 0.044444444444444446,
    "pi_plain_vae_recon_mse": 5.977855205535889,
    "pi_plain_vae_cls_acc": 0.6349999904632568,
    "pi_plain_sae_iia": 0.18888888888888888,
    "pi_plain_sae_recon_mse": 1.4459832906723022,
    "pi_plain_sae_cls_acc": 0.9649999737739563,
    "pi_plain_sae_l0": 0.9916563034057617,
    "pi_vae_iia": 0.06666666666666667,
    "pi_vae_recon_mse": 7.095337390899658,
    "pi_vae_cls_acc": 0.5199999809265137,
    "pi_sae_iia": 0.20555555555555555,
    "pi_sae_recon_mse": 3.19130539894104,
    "pi_sae_cls_acc": 0.875,
    "pi_sae_l0": 0.9990624785423279
  },
  "k6": {
    "das_iia": 0.1111111111111111,
    "nl_das_iia": 0.9444444444444444,
    "vae_iia": 0.07777777777777778,
    "vae_recon_mse": 6.25978422164917,
    "vae_cls_acc": 0.6100000143051147,
    "c1_random_labels_iia": 0.005555555555555556,
    "c1_random_labels_recon": 5.381846904754639,
    "c1_random_labels_cls_acc": 0.02499999850988388,
    "c2_recon_only_iia": 0.016666666666666666,
    "c2_recon_only_recon": 4.801667213439941,
    "c3_untrained_iia": 0.027777777777777776,
    "c3_untrained_recon": 551.8482666015625,
    "c7_unconstrained_iia": 0.03333333333333333,
    "c7_unconstrained_recon": 4.601314067840576,
    "random_das_iia": 0.016666666666666666,
    "pi_plain_vae_iia": 0.1111111111111111,
    "pi_plain_vae_recon_mse": 4.721264362335205,
    "pi_plain_vae_cls_acc": 0.7049999833106995,
    "pi_plain_sae_iia": 0.18333333333333332,
    "pi_plain_sae_recon_mse": 1.6428868770599365,
    "pi_plain_sae_cls_acc": 0.9749999642372131,
    "pi_plain_sae_l0": 0.989602267742157,
    "pi_vae_iia": 0.07222222222222222,
    "pi_vae_recon_mse": 5.712602615356445,
    "pi_vae_cls_acc": 0.75,
    "pi_sae_iia": 0.19444444444444445,
    "pi_sae_recon_mse": 2.5738601684570312,
    "pi_sae_cls_acc": 0.9749999642372131,
    "pi_sae_l0": 0.9990625381469727
  },
  "k8": {
    "das_iia": 0.2222222222222222,
    "nl_das_iia": 0.8944444444444445,
    "vae_iia": 0.15555555555555556,
    "vae_recon_mse": 5.306215763092041,
    "vae_cls_acc": 0.625,
    "c1_random_labels_iia": 0.011111111111111112,
    "c1_random_labels_recon": 4.854747295379639,
    "c1_random_labels_cls_acc": 0.044999998062849045,
    "c2_recon_only_iia": 0.011111111111111112,
    "c2_recon_only_recon": 4.665034294128418,
    "c3_untrained_iia": 0.0,
    "c3_untrained_recon": 552.97265625,
    "c7_unconstrained_iia": 0.03333333333333333,
    "c7_unconstrained_recon": 3.8902742862701416,
    "random_das_iia": 0.016666666666666666,
    "pi_plain_vae_iia": 0.12777777777777777,
    "pi_plain_vae_recon_mse": 4.6964850425720215,
    "pi_plain_vae_cls_acc": 0.8700000047683716,
    "pi_plain_sae_iia": 0.16666666666666666,
    "pi_plain_sae_recon_mse": 1.529554843902588,
    "pi_plain_sae_cls_acc": 0.949999988079071,
    "pi_plain_sae_l0": 0.9909114837646484,
    "pi_vae_iia": 0.13333333333333333,
    "pi_vae_recon_mse": 5.801914691925049,
    "pi_vae_cls_acc": 0.7549999952316284,
    "pi_sae_iia": 0.20555555555555555,
    "pi_sae_recon_mse": 2.405791997909546,
    "pi_sae_cls_acc": 0.9399999976158142,
    "pi_sae_l0": 0.9982812404632568
  },
  "elapsed_seconds": 2479.8,
  "timestamp": "2026-06-22T14:01:27Z"
}