{
  "task": "squaring",
  "grokked": false,
  "test_accuracy": 0.012500000186264515,
  "k1": {
    "das_iia": 0.0,
    "nl_das_iia": 0.011111111111111112,
    "vae_iia": 0.0,
    "vae_recon_mse": 0.4211432933807373,
    "vae_cls_acc": 0.05309734493494034,
    "c1_random_labels_iia": 0.0,
    "c1_random_labels_recon": 0.36967846751213074,
    "c1_random_labels_cls_acc": 0.05309734493494034,
    "c2_recon_only_iia": 0.0,
    "c2_recon_only_recon": 0.45351341366767883,
    "c3_untrained_iia": 0.0,
    "c3_untrained_recon": 36.417327880859375,
    "c7_unconstrained_iia": 0.0,
    "c7_unconstrained_recon": 0.35206469893455505,
    "random_das_iia": 0.0,
    "pi_plain_vae_iia": 0.0,
    "pi_plain_vae_recon_mse": 0.05989522114396095,
    "pi_plain_vae_cls_acc": 0.05309734493494034,
    "pi_plain_sae_iia": 0.0,
    "pi_plain_sae_recon_mse": 0.03651212900876999,
    "pi_plain_sae_cls_acc": 0.3097345232963562,
    "pi_plain_sae_l0": 0.9723451733589172,
    "pi_vae_iia": 0.0,
    "pi_vae_recon_mse": 0.3836366832256317,
    "pi_vae_cls_acc": 0.03539822995662689,
    "pi_sae_iia": 0.0,
    "pi_sae_recon_mse": 0.348202109336853,
    "pi_sae_cls_acc": 0.3097345232963562,
    "pi_sae_l0": 1.0
  },
  "k2": {
    "das_iia": 0.0,
    "nl_das_iia": 0.011111111111111112,
    "vae_iia": 0.0,
    "vae_recon_mse": 0.3889486789703369,
    "vae_cls_acc": 0.1592920422554016,
    "c1_random_labels_iia": 0.0,
    "c1_random_labels_recon": 0.39938685297966003,
    "c1_random_labels_cls_acc": 0.1150442510843277,
    "c2_recon_only_iia": 0.0,
    "c2_recon_only_recon": 0.43881261348724365,
    "c3_untrained_iia": 0.011111111111111112,
    "c3_untrained_recon": 36.15217208862305,
    "c7_unconstrained_iia": 0.0,
    "c7_unconstrained_recon": 0.36179521679878235,
    "random_das_iia": 0.0,
    "pi_plain_vae_iia": 0.0,
    "pi_plain_vae_recon_mse": 0.060321975499391556,
    "pi_plain_vae_cls_acc": 0.22123894095420837,
    "pi_plain_sae_iia": 0.0,
    "pi_plain_sae_recon_mse": 0.04893983155488968,
    "pi_plain_sae_cls_acc": 0.3097345232963562,
    "pi_plain_sae_l0": 0.9539700150489807,
    "pi_vae_iia": 0.0,
    "pi_vae_recon_mse": 0.4066367745399475,
    "pi_vae_cls_acc": 0.1592920422554016,
    "pi_sae_iia": 0.0,
    "pi_sae_recon_mse": 0.28688186407089233,
    "pi_sae_cls_acc": 0.3097345232963562,
    "pi_sae_l0": 0.9994469285011292
  },
  "k4": {
    "das_iia": 0.0,
    "nl_das_iia": 0.011111111111111112,
    "vae_iia": 0.0,
    "vae_recon_mse": 0.399674654006958,
    "vae_cls_acc": 0.3097345232963562,
    "c1_random_labels_iia": 0.0,
    "c1_random_labels_recon": 0.3752294182777405,
    "c1_random_labels_cls_acc": 0.2654867172241211,
    "c2_recon_only_iia": 0.0,
    "c2_recon_only_recon": 0.44416970014572144,
    "c3_untrained_iia": 0.0,
    "c3_untrained_recon": 36.255210876464844,
    "c7_unconstrained_iia": 0.0,
    "c7_unconstrained_recon": 0.44527775049209595,
    "random_das_iia": 0.0,
    "pi_plain_vae_iia": 0.0,
    "pi_plain_vae_recon_mse": 0.04945030063390732,
    "pi_plain_vae_cls_acc": 0.3097345232963562,
    "pi_plain_sae_iia": 0.0,
    "pi_plain_sae_recon_mse": 0.051506392657756805,
    "pi_plain_sae_cls_acc": 0.3097345232963562,
    "pi_plain_sae_l0": 0.9806416034698486,
    "pi_vae_iia": 0.0,
    "pi_vae_recon_mse": 0.4010106921195984,
    "pi_vae_cls_acc": 0.3097345232963562,
    "pi_sae_iia": 0.0,
    "pi_sae_recon_mse": 0.24539104104042053,
    "pi_sae_cls_acc": 0.3097345232963562,
    "pi_sae_l0": 0.9762167930603027
  },
  "elapsed_seconds": 343.4,
  "timestamp": "2026-06-22T11:26:33Z"
}