{
  "task": "hypernymy",
  "n_pairs": 198,
  "n_pairs_orig": 198,
  "n_classes": 30,
  "layer": 8,
  "n_seeds": 1,
  "max_pairs": 1000,
  "k1": {
    "das_iia": 0.06666666666666667,
    "das_strict_iia": 0.016666666666666666,
    "nl_das_iia": 0.7166666666666667,
    "nl_das_strict_iia": 0.15,
    "vae_iia": 0.0,
    "vae_strict_iia": 0.0,
    "vae_repl_iia": 0.0,
    "vae_repl_strict_iia": 0.0,
    "vae_recon_mse": 0.6998761892318726,
    "vae_cls_acc": 0.3149999976158142,
    "c1_random_labels_iia": 0.0,
    "c1_random_labels_strict_iia": 0.0,
    "c1_random_labels_repl_iia": 0.0,
    "c1_random_labels_repl_strict_iia": 0.0,
    "c1_random_labels_recon": 0.7890548706054688,
    "c1_random_labels_cls_acc": 0.2449999898672104,
    "c2_recon_only_iia": 0.0,
    "c2_recon_only_strict_iia": 0.0,
    "c2_recon_only_repl_iia": 0.0,
    "c2_recon_only_repl_strict_iia": 0.0,
    "c2_recon_only_recon": 0.7707478404045105,
    "c3_untrained_iia": 0.0,
    "c3_untrained_strict_iia": 0.0,
    "c3_untrained_repl_iia": 0.1,
    "c3_untrained_repl_strict_iia": 0.0,
    "c3_untrained_recon": 22.763151168823242,
    "c7_unconstrained_iia": 0.0,
    "c7_unconstrained_strict_iia": 0.0,
    "c7_unconstrained_repl_iia": 0.0,
    "c7_unconstrained_repl_strict_iia": 0.0,
    "c7_unconstrained_recon": 0.7527525424957275,
    "random_das_iia": 0.0,
    "random_das_strict_iia": 0.0,
    "pi_plain_vae_iia": 0.0,
    "pi_plain_vae_strict_iia": 0.0,
    "pi_plain_vae_repl_iia": 0.0,
    "pi_plain_vae_repl_strict_iia": 0.0,
    "pi_plain_vae_recon_mse": 0.5286008715629578,
    "pi_plain_vae_cls_acc": 0.4099999964237213,
    "pi_plain_sae_iia": 0.15,
    "pi_plain_sae_strict_iia": 0.03333333333333333,
    "pi_plain_sae_repl_iia": 0.15,
    "pi_plain_sae_repl_strict_iia": 0.03333333333333333,
    "pi_plain_sae_recon_mse": 0.36181673407554626,
    "pi_plain_sae_cls_acc": 1.0,
    "pi_plain_sae_l0": 0.9911028742790222,
    "pi_vae_iia": 0.0,
    "pi_vae_strict_iia": 0.0,
    "pi_vae_repl_iia": 0.016666666666666666,
    "pi_vae_repl_strict_iia": 0.016666666666666666,
    "pi_vae_recon_mse": 0.7018946409225464,
    "pi_vae_cls_acc": 0.3649999797344208,
    "pi_sae_iia": 0.5833333333333334,
    "pi_sae_strict_iia": 0.16666666666666666,
    "pi_sae_repl_iia": 0.6,
    "pi_sae_repl_strict_iia": 0.18333333333333332,
    "pi_sae_recon_mse": 0.6700730323791504,
    "pi_sae_cls_acc": 1.0,
    "pi_sae_l0": 1.0,
    "pi_sae_e2e_iia": 0.9666666666666667,
    "pi_sae_e2e_strict_iia": 0.9,
    "pi_sae_e2e_repl_iia": 0.9666666666666667,
    "pi_sae_e2e_repl_strict_iia": 0.8833333333333333,
    "pi_sae_e2e_recon_mse": 0.8813854455947876,
    "pi_sae_e2e_cls_acc": 1.0,
    "pi_sae_e2e_l0": 0.9956249594688416
  },
  "k2": {
    "das_iia": 0.1,
    "das_strict_iia": 0.03333333333333333,
    "nl_das_iia": 0.95,
    "nl_das_strict_iia": 0.2833333333333333,
    "vae_iia": 0.03333333333333333,
    "vae_strict_iia": 0.0,
    "vae_repl_iia": 0.05,
    "vae_repl_strict_iia": 0.03333333333333333,
    "vae_recon_mse": 0.7157539129257202,
    "vae_cls_acc": 0.550000011920929,
    "c1_random_labels_iia": 0.0,
    "c1_random_labels_strict_iia": 0.0,
    "c1_random_labels_repl_iia": 0.0,
    "c1_random_labels_repl_strict_iia": 0.0,
    "c1_random_labels_recon": 0.7638890743255615,
    "c1_random_labels_cls_acc": 0.35499998927116394,
    "c2_recon_only_iia": 0.0,
    "c2_recon_only_strict_iia": 0.0,
    "c2_recon_only_repl_iia": 0.0,
    "c2_recon_only_repl_strict_iia": 0.0,
    "c2_recon_only_recon": 0.9427971839904785,
    "c3_untrained_iia": 0.0,
    "c3_untrained_strict_iia": 0.0,
    "c3_untrained_repl_iia": 0.25,
    "c3_untrained_repl_strict_iia": 0.0,
    "c3_untrained_recon": 22.77947425842285,
    "c7_unconstrained_iia": 0.0,
    "c7_unconstrained_strict_iia": 0.0,
    "c7_unconstrained_repl_iia": 0.0,
    "c7_unconstrained_repl_strict_iia": 0.0,
    "c7_unconstrained_recon": 0.7624222040176392,
    "random_das_iia": 0.0,
    "random_das_strict_iia": 0.0,
    "pi_plain_vae_iia": 0.13333333333333333,
    "pi_plain_vae_strict_iia": 0.016666666666666666,
    "pi_plain_vae_repl_iia": 0.13333333333333333,
    "pi_plain_vae_repl_strict_iia": 0.03333333333333333,
    "pi_plain_vae_recon_mse": 0.5405718684196472,
    "pi_plain_vae_cls_acc": 0.7999999523162842,
    "pi_plain_sae_iia": 0.25,
    "pi_plain_sae_strict_iia": 0.05,
    "pi_plain_sae_repl_iia": 0.26666666666666666,
    "pi_plain_sae_repl_strict_iia": 0.05,
    "pi_plain_sae_recon_mse": 0.3735763430595398,
    "pi_plain_sae_cls_acc": 1.0,
    "pi_plain_sae_l0": 0.9913889169692993,
    "pi_vae_iia": 0.16666666666666666,
    "pi_vae_strict_iia": 0.03333333333333333,
    "pi_vae_repl_iia": 0.16666666666666666,
    "pi_vae_repl_strict_iia": 0.03333333333333333,
    "pi_vae_recon_mse": 0.7007029056549072,
    "pi_vae_cls_acc": 0.8149999976158142,
    "pi_sae_iia": 0.5666666666666667,
    "pi_sae_strict_iia": 0.18333333333333332,
    "pi_sae_repl_iia": 0.6333333333333333,
    "pi_sae_repl_strict_iia": 0.21666666666666667,
    "pi_sae_recon_mse": 0.6000074744224548,
    "pi_sae_cls_acc": 1.0,
    "pi_sae_l0": 0.9959374666213989,
    "pi_sae_e2e_iia": 0.9833333333333333,
    "pi_sae_e2e_strict_iia": 0.8666666666666667,
    "pi_sae_e2e_repl_iia": 0.9333333333333333,
    "pi_sae_e2e_repl_strict_iia": 0.8833333333333333,
    "pi_sae_e2e_recon_mse": 0.8269367814064026,
    "pi_sae_e2e_cls_acc": 1.0,
    "pi_sae_e2e_l0": 0.9950000047683716
  },
  "k4": {
    "das_iia": 0.23333333333333334,
    "das_strict_iia": 0.08333333333333333,
    "nl_das_iia": 0.9166666666666666,
    "nl_das_strict_iia": 0.31666666666666665,
    "vae_iia": 0.48333333333333334,
    "vae_strict_iia": 0.18333333333333332,
    "vae_repl_iia": 0.5,
    "vae_repl_strict_iia": 0.15,
    "vae_recon_mse": 0.7201085686683655,
    "vae_cls_acc": 0.98499995470047,
    "c1_random_labels_iia": 0.0,
    "c1_random_labels_strict_iia": 0.0,
    "c1_random_labels_repl_iia": 0.0,
    "c1_random_labels_repl_strict_iia": 0.0,
    "c1_random_labels_recon": 0.670067310333252,
    "c1_random_labels_cls_acc": 0.6850000023841858,
    "c2_recon_only_iia": 0.0,
    "c2_recon_only_strict_iia": 0.0,
    "c2_recon_only_repl_iia": 0.0,
    "c2_recon_only_repl_strict_iia": 0.0,
    "c2_recon_only_recon": 0.8304185271263123,
    "c3_untrained_iia": 0.0,
    "c3_untrained_strict_iia": 0.0,
    "c3_untrained_repl_iia": 0.38333333333333336,
    "c3_untrained_repl_strict_iia": 0.0,
    "c3_untrained_recon": 22.780670166015625,
    "c7_unconstrained_iia": 0.06666666666666667,
    "c7_unconstrained_strict_iia": 0.0,
    "c7_unconstrained_repl_iia": 0.08333333333333333,
    "c7_unconstrained_repl_strict_iia": 0.016666666666666666,
    "c7_unconstrained_recon": 0.7851821184158325,
    "random_das_iia": 0.0,
    "random_das_strict_iia": 0.0,
    "pi_plain_vae_iia": 0.25,
    "pi_plain_vae_strict_iia": 0.05,
    "pi_plain_vae_repl_iia": 0.23333333333333334,
    "pi_plain_vae_repl_strict_iia": 0.05,
    "pi_plain_vae_recon_mse": 0.4840058386325836,
    "pi_plain_vae_cls_acc": 1.0,
    "pi_plain_sae_iia": 0.18333333333333332,
    "pi_plain_sae_strict_iia": 0.05,
    "pi_plain_sae_repl_iia": 0.18333333333333332,
    "pi_plain_sae_repl_strict_iia": 0.05,
    "pi_plain_sae_recon_mse": 0.3347499668598175,
    "pi_plain_sae_cls_acc": 1.0,
    "pi_plain_sae_l0": 0.9924063086509705,
    "pi_vae_iia": 0.5666666666666667,
    "pi_vae_strict_iia": 0.2,
    "pi_vae_repl_iia": 0.55,
    "pi_vae_repl_strict_iia": 0.23333333333333334,
    "pi_vae_recon_mse": 0.6682320833206177,
    "pi_vae_cls_acc": 1.0,
    "pi_sae_iia": 0.5166666666666667,
    "pi_sae_strict_iia": 0.13333333333333333,
    "pi_sae_repl_iia": 0.6166666666666667,
    "pi_sae_repl_strict_iia": 0.15,
    "pi_sae_recon_mse": 0.5234324932098389,
    "pi_sae_cls_acc": 1.0,
    "pi_sae_l0": 0.9957812428474426,
    "pi_sae_e2e_iia": 0.9833333333333333,
    "pi_sae_e2e_strict_iia": 0.85,
    "pi_sae_e2e_repl_iia": 0.95,
    "pi_sae_e2e_repl_strict_iia": 0.9333333333333333,