{
  "task": "capitals",
  "n_pairs": 190,
  "n_pairs_orig": 190,
  "n_classes": 182,
  "layer": 8,
  "n_seeds": 1,
  "max_pairs": 1000,
  "k1": {
    "das_iia": 0.0,
    "nl_das_iia": 0.08771929824561403,
    "vae_iia": 0.0,
    "vae_recon_mse": 0.6994548439979553,
    "vae_cls_acc": 0.029999999329447746,
    "c1_random_labels_iia": 0.0,
    "c1_random_labels_recon": 0.7044978141784668,
    "c1_random_labels_cls_acc": 0.019999999552965164,
    "c2_recon_only_iia": 0.0,
    "c2_recon_only_recon": 0.7136353850364685,
    "c3_untrained_iia": 0.0,
    "c3_untrained_recon": 17.9469051361084,
    "c7_unconstrained_iia": 0.0,
    "c7_unconstrained_recon": 0.7040952444076538,
    "random_das_iia": 0.0,
    "pi_plain_vae_iia": 0.0,
    "pi_plain_vae_recon_mse": 0.37695953249931335,
    "pi_plain_vae_cls_acc": 0.054999999701976776,
    "pi_plain_sae_iia": 0.017543859649122806,
    "pi_plain_sae_recon_mse": 0.1569662094116211,
    "pi_plain_sae_cls_acc": 1.0,
    "pi_plain_sae_l0": 0.9850367307662964,
    "pi_vae_iia": 0.0,
    "pi_vae_recon_mse": 0.6965280771255493,
    "pi_vae_cls_acc": 0.05999999865889549,
    "pi_sae_iia": 0.0,
    "pi_sae_recon_mse": 0.29269668459892273,
    "pi_sae_cls_acc": 1.0,
    "pi_sae_l0": 0.9975000023841858
  },
  "k2": {
    "das_iia": 0.017543859649122806,
    "nl_das_iia": 0.03508771929824561,
    "vae_iia": 0.0,
    "vae_recon_mse": 0.695820152759552,
    "vae_cls_acc": 0.125,
    "c1_random_labels_iia": 0.0,
    "c1_random_labels_recon": 0.6821680665016174,
    "c1_random_labels_cls_acc": 0.08999999612569809,
    "c2_recon_only_iia": 0.0,
    "c2_recon_only_recon": 0.7099918723106384,
    "c3_untrained_iia": 0.0,
    "c3_untrained_recon": 17.962810516357422,
    "c7_unconstrained_iia": 0.0,
    "c7_unconstrained_recon": 0.7290459871292114,
    "random_das_iia": 0.0,
    "pi_plain_vae_iia": 0.0,
    "pi_plain_vae_recon_mse": 0.37327468395233154,
    "pi_plain_vae_cls_acc": 0.20999999344348907,
    "pi_plain_sae_iia": 0.017543859649122806,
    "pi_plain_sae_recon_mse": 0.10006565600633621,
    "pi_plain_sae_cls_acc": 1.0,
    "pi_plain_sae_l0": 0.9856597185134888,
    "pi_vae_iia": 0.0,
    "pi_vae_recon_mse": 0.6242602467536926,
    "pi_vae_cls_acc": 0.1899999976158142,
    "pi_sae_iia": 0.017543859649122806,
    "pi_sae_recon_mse": 0.23959673941135406,
    "pi_sae_cls_acc": 1.0,
    "pi_sae_l0": 0.9978124499320984
  },
  "k4": {
    "das_iia": 0.03508771929824561,
    "nl_das_iia": 0.05263157894736842,
    "vae_iia": 0.0,
    "vae_recon_mse": 0.5124173164367676,
    "vae_cls_acc": 0.6499999761581421,
    "c1_random_labels_iia": 0.0,
    "c1_random_labels_recon": 0.6042382717132568,
    "c1_random_labels_cls_acc": 0.32999998331069946,
    "c2_recon_only_iia": 0.0,
    "c2_recon_only_recon": 0.7169187068939209,
    "c3_untrained_iia": 0.0,
    "c3_untrained_recon": 17.94350242614746,
    "c7_unconstrained_iia": 0.0,
    "c7_unconstrained_recon": 0.7035530805587769,
    "random_das_iia": 0.0,
    "pi_plain_vae_iia": 0.0,
    "pi_plain_vae_recon_mse": 0.2695075273513794,
    "pi_plain_vae_cls_acc": 0.9399999976158142,
    "pi_plain_sae_iia": 0.017543859649122806,
    "pi_plain_sae_recon_mse": 0.11466938257217407,
    "pi_plain_sae_cls_acc": 1.0,
    "pi_plain_sae_l0": 0.9873125553131104,
    "pi_vae_iia": 0.0,
    "pi_vae_recon_mse": 0.4666169285774231,
    "pi_vae_cls_acc": 0.8100000023841858,
    "pi_sae_iia": 0.017543859649122806,
    "pi_sae_recon_mse": 0.22068792581558228,
    "pi_sae_cls_acc": 1.0,
    "pi_sae_l0": 0.99671870470047
  },
  "elapsed_seconds": 987.0,
  "timestamp": "2026-06-23T00:09:14Z"
}