{
  "task": "hypernymy",
  "n_pairs": 198,
  "n_pairs_orig": 198,
  "n_classes": 30,
  "layer": 8,
  "n_seeds": 1,
  "max_pairs": 1000,
  "k1": {
    "das_iia": 0.03333333333333333,
    "nl_das_iia": 0.11666666666666667,
    "vae_iia": 0.016666666666666666,
    "vae_recon_mse": 0.7452950477600098,
    "vae_cls_acc": 0.4099999964237213,
    "c1_random_labels_iia": 0.0,
    "c1_random_labels_recon": 0.7073432803153992,
    "c1_random_labels_cls_acc": 0.1850000023841858,
    "c2_recon_only_iia": 0.0,
    "c2_recon_only_recon": 0.7731659412384033,
    "c3_untrained_iia": 0.0,
    "c3_untrained_recon": 22.771799087524414,
    "c7_unconstrained_iia": 0.0,
    "c7_unconstrained_recon": 0.7562605738639832,
    "random_das_iia": 0.0,
    "pi_plain_vae_iia": 0.0,
    "pi_plain_vae_recon_mse": 0.5464662909507751,
    "pi_plain_vae_cls_acc": 0.38999998569488525,
    "pi_plain_sae_iia": 0.0,
    "pi_plain_sae_recon_mse": 0.3911108076572418,
    "pi_plain_sae_cls_acc": 1.0,
    "pi_plain_sae_l0": 0.9910661578178406,
    "pi_vae_iia": 0.06666666666666667,
    "pi_vae_recon_mse": 0.7332605123519897,
    "pi_vae_cls_acc": 0.28999999165534973,
    "pi_sae_iia": 0.2,
    "pi_sae_recon_mse": 0.6616867780685425,
    "pi_sae_cls_acc": 1.0,
    "pi_sae_l0": 0.996874988079071
  },
  "k2": {
    "das_iia": 0.03333333333333333,
    "nl_das_iia": 0.2833333333333333,
    "vae_iia": 0.03333333333333333,
    "vae_recon_mse": 0.6661062836647034,
    "vae_cls_acc": 0.5550000071525574,
    "c1_random_labels_iia": 0.0,
    "c1_random_labels_recon": 0.7099528908729553,
    "c1_random_labels_cls_acc": 0.39499998092651367,
    "c2_recon_only_iia": 0.0,
    "c2_recon_only_recon": 0.7896032929420471,
    "c3_untrained_iia": 0.0,
    "c3_untrained_recon": 22.82874870300293,
    "c7_unconstrained_iia": 0.0,
    "c7_unconstrained_recon": 0.8100801706314087,
    "random_das_iia": 0.0,
    "pi_plain_vae_iia": 0.016666666666666666,
    "pi_plain_vae_recon_mse": 0.52275151014328,
    "pi_plain_vae_cls_acc": 0.8700000047683716,
    "pi_plain_sae_iia": 0.08333333333333333,
    "pi_plain_sae_recon_mse": 0.3119220435619354,
    "pi_plain_sae_cls_acc": 1.0,
    "pi_plain_sae_l0": 0.9914583563804626,
    "pi_vae_iia": 0.03333333333333333,
    "pi_vae_recon_mse": 0.6591235399246216,
    "pi_vae_cls_acc": 0.7099999785423279,
    "pi_sae_iia": 0.2,
    "pi_sae_recon_mse": 0.6125789284706116,
    "pi_sae_cls_acc": 1.0,
    "pi_sae_l0": 0.9971874952316284
  },
  "k4": {
    "das_iia": 0.13333333333333333,
    "nl_das_iia": 0.3,
    "vae_iia": 0.15,
    "vae_recon_mse": 0.6635712385177612,
    "vae_cls_acc": 0.9899999499320984,
    "c1_random_labels_iia": 0.0,
    "c1_random_labels_recon": 0.6871687769889832,
    "c1_random_labels_cls_acc": 0.7299999594688416,
    "c2_recon_only_iia": 0.0,
    "c2_recon_only_recon": 0.8386238217353821,
    "c3_untrained_iia": 0.0,
    "c3_untrained_recon": 22.79161262512207,
    "c7_unconstrained_iia": 0.0,
    "c7_unconstrained_recon": 0.7665479779243469,
    "random_das_iia": 0.0,
    "pi_plain_vae_iia": 0.05,
    "pi_plain_vae_recon_mse": 0.5077680349349976,
    "pi_plain_vae_cls_acc": 1.0,
    "pi_plain_sae_iia": 0.05,
    "pi_plain_sae_recon_mse": 0.33104658126831055,
    "pi_plain_sae_cls_acc": 1.0,
    "pi_plain_sae_l0": 0.9916250705718994,
    "pi_vae_iia": 0.2,
    "pi_vae_recon_mse": 0.6739842891693115,
    "pi_vae_cls_acc": 1.0,
    "pi_sae_iia": 0.18333333333333332,
    "pi_sae_recon_mse": 0.5633254051208496,
    "pi_sae_cls_acc": 1.0,
    "pi_sae_l0": 0.9939061999320984
  },
  "elapsed_seconds": 799.1,
  "timestamp": "2026-06-23T00:06:36Z"
}