{
  "task": "gender_bias",
  "n_pairs": 986,
  "n_classes": 2,
  "k1": {
    "das_iia": 0.8817567567567568,
    "nl_das_iia": 1.0,
    "vae_iia": 0.7331081081081081,
    "vae_recon_mse": 0.9175817966461182,
    "vae_cls_acc": 1.0,
    "c1_random_labels_iia": 0.20945945945945946,
    "c1_random_labels_recon": 0.9826803803443909,
    "c1_random_labels_cls_acc": 0.7299999594688416,
    "c2_recon_only_iia": 0.21283783783783783,
    "c2_recon_only_recon": 0.9734863638877869,
    "c3_untrained_iia": 0.0,
    "c3_untrained_recon": 90.21012878417969,
    "c7_unconstrained_iia": 0.17905405405405406,
    "c7_unconstrained_recon": 0.9403989911079407,
    "random_das_iia": 0.20945945945945946,
    "pi_plain_vae_iia": 0.41216216216216217,
    "pi_plain_vae_recon_mse": 0.7947576642036438,
    "pi_plain_vae_cls_acc": 1.0,
    "pi_plain_sae_iia": 0.8817567567567568,
    "pi_plain_sae_recon_mse": 0.5386644601821899,
    "pi_plain_sae_cls_acc": 1.0,
    "pi_plain_sae_l0": 0.9943749308586121,
    "pi_vae_iia": 0.8006756756756757,
    "pi_vae_recon_mse": 0.8669403195381165,
    "pi_vae_cls_acc": 1.0,
    "pi_sae_iia": 0.5405405405405406,
    "pi_sae_recon_mse": 0.9641034007072449,
    "pi_sae_cls_acc": 1.0,
    "pi_sae_l0": 1.0
  },
  "k2": {
    "das_iia": 0.9864864864864865,
    "nl_das_iia": 1.0,
    "vae_iia": 0.7432432432432432,
    "vae_recon_mse": 0.9527643918991089,
    "vae_cls_acc": 1.0,
    "c1_random_labels_iia": 0.23986486486486486,
    "c1_random_labels_recon": 0.9878481030464172,
    "c1_random_labels_cls_acc": 0.7849999666213989,
    "c2_recon_only_iia": 0.2195945945945946,
    "c2_recon_only_recon": 0.975151777267456,
    "c3_untrained_iia": 0.0,
    "c3_untrained_recon": 90.01596069335938,
    "c7_unconstrained_iia": 0.23310810810810811,
    "c7_unconstrained_recon": 0.9322288036346436,
    "random_das_iia": 0.21283783783783783,
    "pi_plain_vae_iia": 0.8817567567567568,
    "pi_plain_vae_recon_mse": 0.7836799621582031,
    "pi_plain_vae_cls_acc": 1.0,
    "pi_plain_sae_iia": 0.7027027027027027,
    "pi_plain_sae_recon_mse": 0.5615577101707458,
    "pi_plain_sae_cls_acc": 1.0,
    "pi_plain_sae_l0": 0.990659773349762,
    "pi_vae_iia": 0.706081081081081,
    "pi_vae_recon_mse": 0.8721635341644287,
    "pi_vae_cls_acc": 1.0,
    "pi_sae_iia": 0.9391891891891891,
    "pi_sae_recon_mse": 0.9417585730552673,
    "pi_sae_cls_acc": 1.0,
    "pi_sae_l0": 0.9975000023841858
  },
  "k4": {
    "das_iia": 0.9966216216216216,
    "nl_das_iia": 1.0,
    "vae_iia": 0.8547297297297297,
    "vae_recon_mse": 0.9647976160049438,
    "vae_cls_acc": 1.0,
    "c1_random_labels_iia": 0.17567567567567569,
    "c1_random_labels_recon": 0.9554664492607117,
    "c1_random_labels_cls_acc": 0.8100000023841858,
    "c2_recon_only_iia": 0.2195945945945946,
    "c2_recon_only_recon": 0.9444776773452759,
    "c3_untrained_iia": 0.0,
    "c3_untrained_recon": 90.19062805175781,
    "c7_unconstrained_iia": 0.5304054054054054,
    "c7_unconstrained_recon": 0.8928061127662659,
    "random_das_iia": 0.20945945945945946,
    "pi_plain_vae_iia": 0.46621621621621623,
    "pi_plain_vae_recon_mse": 0.769589900970459,
    "pi_plain_vae_cls_acc": 1.0,
    "pi_plain_sae_iia": 0.8885135135135135,
    "pi_plain_sae_recon_mse": 0.5145037174224854,
    "pi_plain_sae_cls_acc": 1.0,
    "pi_plain_sae_l0": 0.9932813048362732,
    "pi_vae_iia": 0.5641891891891891,
    "pi_vae_recon_mse": 0.8914579749107361,
    "pi_vae_cls_acc": 1.0,
    "pi_sae_iia": 0.9527027027027027,
    "pi_sae_recon_mse": 0.8747255802154541,
    "pi_sae_cls_acc": 1.0,
    "pi_sae_l0": 0.9970312118530273
  },
  "elapsed_seconds": 1507.9,
  "timestamp": "2026-06-22T20:45:00Z"
}