{
  "operation": "power",
  "seed": 42,
  "grokked": false,
  "final_test_loss": 9.105285817637043,
  "final_test_acc": 0.3556542694568634,
  "n_epochs": 30000,
  "das_k2": {
    "iia": 0.92,
    "equivariance": 0.026,
    "random_equiv": 0.016
  },
  "das_k4": {
    "iia": 1.0,
    "equivariance": 0.016,
    "random_equiv": 0.016
  },
  "train_loss_final": 0.00018929352934343984,
  "grok_epoch": null,
  "timestamp": "2026-06-22T01:47:50Z",
  "p_data": 113,
  "p_mod": 113
}