{"epochs": [0, 100, 200, 300, 400, 500, 600, 700, 800, 900, 1000, 1100, 1200, 1300, 1400, 1500, 1600, 1700, 1800, 1900, 2000, 2100, 2200, 2300, 2400, 2500, 2600, 2700, 2800, 2900, 3000, 3100, 3200, 3300, 3400, 3500, 3600, 3700, 3800, 3900, 4000, 4100, 4200, 4300, 4400, 4500, 4600, 4700, 4800, 4900, 5000, 5100, 5200, 5300, 5400, 5500, 5600, 5700, 5800, 5900, 6000, 6100, 6200, 6300, 6400, 6500, 6600, 6700, 6800, 6900, 7000, 7100, 7200, 7300, 7400, 7500, 7600, 7700, 7800, 7900, 8000, 8100, 8200, 8300, 8400, 8500, 8600, 8700, 8800, 8900, 9000, 9100, 9200, 9300, 9400, 9500, 9600, 9700, 9800, 9900, 10000, 10100, 10200, 10300, 10400, 10500, 10600, 10700, 10800, 10900, 11000, 11100, 11200, 11300, 11400, 11500, 11600, 11700, 11800, 11900, 12000, 12100, 12200, 12300, 12400, 12500, 12600, 12700, 12800, 12900, 13000, 13100, 13200, 13300, 13400, 13500, 13600, 13700, 13800, 13900, 14000, 14100, 14200, 14300, 14400, 14500, 14600, 14700, 14800, 14900, 15000, 15100, 15200, 15300, 15400, 15500, 15600, 15700, 15800, 15900, 16000, 16100, 16200, 16300, 16400, 16500, 16600, 16700, 16800, 16900, 17000, 17100, 17200, 17300, 17400, 17500, 17600, 17700, 17800, 17900, 18000, 18100, 18200, 18300, 18400, 18500, 18600, 18700, 18800, 18900, 19000, 19100, 19200, 19300, 19400, 19500, 19600, 19700, 19800, 19900, 20000, 20100, 20200, 20300, 20400, 20500, 20600, 20700, 20800, 20900, 21000, 21100, 21200, 21300, 21400, 21500, 21600, 21700, 21800, 21900, 22000, 22100, 22200, 22300, 22400, 22500, 22600, 22700, 22800, 22900, 23000, 23100, 23200, 23300, 23400, 23500, 23600, 23700, 23800, 23900, 24000, 24100, 24200, 24300, 24400, 24500, 24600, 24700, 24800, 24900, 25000, 25100, 25200, 25300, 25400, 25500, 25600, 25700, 25800, 25900, 26000, 26100, 26200, 26300, 26400, 26500, 26600, 26700, 26800, 26900, 27000, 27100, 27200, 27300, 27400, 27500, 27600, 27700, 27800, 27900, 28000, 28100, 28200, 28300, 28400, 28500, 28600, 28700, 28800, 28900, 29000, 29100, 29200, 29300, 29400, 29500, 29600, 29700, 29800, 29900], "train_loss": [4.728739666707167, 2.282184895898036, 0.9227055251765398, 0.7142954339539691, 0.735229248536567, 0.6111185725984235, 0.690804908775057, 0.6231239681483131, 0.7068837404249922, 0.6394779032058615, 0.6767873043280752, 0.7450087866310797, 0.648899103981153, 0.6810495248230368, 0.7181383836747152, 0.6531661882544697, 0.8824124662284418, 0.6707326187031872, 0.8678285143220785, 0.7856464936493229, 0.6738206147192654, 0.7320821992626366, 0.8853851078545173, 0.6465210335560847, 0.6576234574440075, 0.6378294097059907, 0.554309740825587, 0.8910789193131826, 0.5499498993732466, 0.5153484719333704, 0.521740351875271, 0.5388835300115178, 0.41118300067354824, 0.3736948342374481, 0.33085680895626957, 0.3911598029586773, 0.24801993497469957, 0.2360287035244987, 0.19830057827686365, 0.34587047502320034, 0.26952327093577877, 0.16719831378985964, 0.15913276219222777, 0.14344108167753988, 0.1386554320010055, 0.15427885038168357, 0.10346967734831704, 0.09830619656900078, 0.09475320740222357, 0.515888205602716, 0.09587427359466442, 0.033481134418578855, 0.06464550927089148, 0.037842150313764145, 0.011151249268988762, 0.0033373695198073436, 0.001043845286120439, 0.02477922217842838, 0.05347141940064132, 0.023582147615487863, 0.0072813228554014404, 0.0022971846400490713, 0.0007467067267324898, 0.000247998729902981, 8.527147384787644e-05, 2.9228420261978144e-05, 0.0036102292171051363, 0.021402533167021946, 0.01937054948310794, 0.006615272204772372, 0.0021691738803438746, 0.0007168624099385859, 0.00023968451300099492, 8.13608455045517e-05, 2.8017432729843958e-05, 9.875859705525217e-06, 0.005090274515333396, 0.025857946177877796, 0.015668938118081514, 0.005214611890292398, 0.0017242844644655623, 0.0005768536437731829, 0.000195610118141166, 6.716836206564392e-05, 2.3346635818492684e-05, 8.264661615091859e-06, 3.040290270008799e-06, 0.0018844466945698616, 0.014815276005315762, 0.012539046623555062, 0.00438139571410243, 0.0014703550661471657, 0.0004957387119829711, 0.00016882395303094528, 5.814301356604256e-05, 0.5299849801874965, 0.010861092135810954, 0.02316322605952235, 0.00979416548350737, 0.003253849472486219, 0.001081727348698601, 0.0003640132913892624, 0.00012392498575565088, 4.2801283523532796e-05, 1.502976361973553e-05, 6.902200466212198e-06, 0.005190347566078849, 0.017475537178639682, 0.008340583615465058, 0.0028345722670956855, 0.000950915301252842, 0.00032062605804283314, 0.00010922464697037149, 3.763341408944391e-05, 0.008020299405082752, 0.015648210829570307, 0.016282874353328137, 0.005952640529467996, 0.0019831270724877154, 0.000664870665772051, 0.0002254555057750393, 7.744103112807976e-05, 2.696971707298253e-05, 9.559508535341956e-06, 0.0030447650581931114, 0.01878215545705581, 0.011115936177444415, 0.003762294126707864, 0.0012561252684268722, 0.0004232060053647952, 0.00014424885374449126, 4.975153980170329e-05, 1.7399728102405577e-05, 6.210609655199688e-06, 0.0035016001280697333, 0.01890306255948138, 0.012709490100219106, 0.004295429142349594, 0.001424920140265929, 0.00047864349807111235, 0.00016278873928708972, 5.60343296871009e-05, 1.954548545712865e-05, 6.953730372049751e-06, 2.5685721949961616e-06, 0.0019642343106607433, 0.012137115477413299, 0.013468560323939255, 0.004957291846463079, 0.0016615999725455534, 0.0005598804721835202, 0.0001907283079302578, 6.570758379603209e-05, 2.2921236905141083e-05, 8.140504765078454e-06, 2.9862129196877482e-06, 1.2111071583370972e-06, 0.0034206839739129957, 0.014473543178076162, 0.00782824286801821, 0.0026619146673088553, 0.0008957935206346392, 0.00030347630700202705, 0.0001037136772989141, 3.597307023649426e-05, 1.2577629599178346e-05, 0.005737624474676258, 0.015189335095281507, 0.018481682472149884, 0.006753272940810736, 0.0022470641777026755, 0.0007533256795670443, 0.000255467327620998, 8.759799562575446e-05, 3.041526165377538e-05, 1.0728916923341402e-05, 3.888761278030333e-06, 1.1853594438638748, 0.005144080568271053, 0.0173279835141456, 0.009071053289638817, 0.0030498060642767943, 0.0010213612001940388, 0.00034508371303893697, 0.00011781477992626321, 4.0705958247557974e-05, 1.425955567239642e-05, 5.111034857375963e-06, 1.9133903952506842e-06, 0.0030488042177145157, 0.009499499376401916, 0.014040465694993015, 0.005525945960498267, 0.0018711427458152053, 0.0006327196614526968, 0.00021539410641729454, 7.403056427503732e-05, 2.573905040533643e-05, 9.096365219663659e-06, 3.3147653710192707e-06, 0.002970902385775781, 0.016526452073504946, 0.01079136025103702, 0.0037127295494048607, 0.0012455012551039542, 0.0004216445701743083, 0.00014420677927282394, 4.984496901161805e-05, 1.744970311070831e-05, 6.23488473643773e-06, 2.316731110127049e-06, 0.010271591876323696, 0.008549420833996365, 0.014829463843207632, 0.005914085648944596, 0.001970482200263354, 0.000661978908943215, 0.00022465008614615636, 7.712592029135254e-05, 2.679784951426418e-05, 9.463695742179374e-06, 0.005963721112798031, 0.01279619672051341, 0.01432480875315021, 0.00538044213956369, 0.001799420378243032, 0.0006060376520764923, 0.00020616273125144123, 7.090369108404368e-05, 2.46793632898516e-05, 8.73564499719806e-06, 3.1855821522311893e-06, 0.021310302876100015, 0.00898668046675366, 0.01792858153476992, 0.007473300288012196, 0.002486075495580818, 0.0008321425989887695, 0.0002816260811005529, 9.643586886621668e-05, 3.3424927943159755e-05, 1.1763475487214632e-05, 4.264394860619019e-06, 0.0029765024075121818, 0.009003967126340507, 0.011917343087253677, 0.004281869598444541, 0.0014268513540271694, 0.0004795452312410786, 0.00016291459477719544, 5.595564518471642e-05, 1.946478828808829e-05, 6.897115179452165e-06, 0.0028480211423878776, 0.017715256251709114, 0.016666472189359457, 0.005865103319399403, 0.0019497365789045895, 0.0006528117982181318, 0.00022125996124297423, 7.589088934246047e-05, 2.6351111520790228e-05, 9.30471572301064e-06, 3.3812643459785605e-06, 1.3025900488808147e-06, 0.0018044325463608872, 0.01056177503842166, 0.013851809366865296, 0.0051643182089164755, 0.0017269589403749199,