{
  "operation": "composite_addition",
  "seed": 137,
  "grokked": true,
  "final_test_loss": 0.025144730739913187,
  "final_test_acc": 0.9994406700134277,
  "n_epochs": 30000,
  "das_k2": {
    "iia": 0.8533333333333334,
    "equivariance": 0.174,
    "random_equiv": 0.102
  },
  "das_k4": {
    "iia": 0.9466666666666667,
    "equivariance": 0.066,
    "random_equiv": 0.076
  },
  "train_loss_final": 0.018047231928857405,
  "grok_epoch": 5420,
  "timestamp": "2026-06-22T01:54:26Z",
  "p_data": 113,
  "p_mod": 91
}