{
  "operation": "power",
  "seed": 2024,
  "grokked": false,
  "final_test_loss": 12.51438363879004,
  "final_test_acc": 0.2150096893310547,
  "n_epochs": 30000,
  "das_k2": {
    "iia": 0.9333333333333333,
    "equivariance": 0.022,
    "random_equiv": 0.006
  },
  "das_k4": {
    "iia": 0.9866666666666667,
    "equivariance": 0.022,
    "random_equiv": 0.03
  },
  "train_loss_final": 0.00015812145619216035,
  "grok_epoch": null,
  "timestamp": "2026-06-22T01:47:50Z",
  "p_data": 113,
  "p_mod": 113
}