{
  "timestamp": "2026-06-22T02:32:05Z",
  "z_causal_dim": 16,
  "addition": {
    "grokked": true,
    "test_accuracy": 0.9995525479316711,
    "grassmannian_class": "always",
    "variants": {
      "dense": {
        "classifier_accuracy": 1.0,
        "reconstruction_mse": 2.133737564086914,
        "iia": 1.0,
        "hard_iia": 1.0,
        "equivariance": 0.0,
        "l0": 16.0,
        "factor_stability": 0.9999999894505056,
        "dim_frequencies": [
          1.0,
          1.0,
          1.0,
          1.0,
          1.0,
          1.0,
          1.0,
          1.0,
          1.0,
          1.0,
          1.0,
          1.0,
          1.0,
          1.0,
          1.0,
          1.0
        ],
        "n_active_dims": 16,
        "n_dead_dims": 0,
        "active_dims": [
          0,
          1,
          2,
          3,
          4,
          5,
          6,
          7,
          8,
          9,
          10,
          11,
          12,
          13,
          14,
          15
        ]
      },
      "jumprelu": {
        "classifier_accuracy": 1.0,
        "reconstruction_mse": 1.678688645362854,
        "iia": 0.006,
        "hard_iia": 0.005,
        "equivariance": 0.0,
        "l0": 4.2304511070251465,
        "factor_stability": 0.97519519853929,
        "dim_frequencies": [
          0.25841817259788513,
          0.2935451567173004,
          0.16075624525547028,
          0.20404967665672302,
          0.18637432157993317,
          0.2749748229980469,
          0.3040608763694763,
          0.2797852158546448,
          0.28437185287475586,
          0.228549063205719,
          0.12484618276357651,
          0.3211768865585327,
          0.32072940468788147,
          0.32128873467445374,
          0.27944961190223694,
          0.38807472586631775
        ],
        "n_active_dims": 16,
        "n_dead_dims": 0,
        "active_dims": [
          0,
          1,
          2,
          3,
          4,
          5,
          6,
          7,
          8,
          9,
          10,
          11,
          12,
          13,
          14,
          15
        ]
      },
      "l1": {
        "classifier_accuracy": 1.0,
        "reconstruction_mse": 2.4187042713165283,
        "iia": 1.0,
        "hard_iia": 1.0,
        "equivariance": 0.0,
        "l0": 16.0,
        "factor_stability": 0.9999999894505056,
        "dim_frequencies": [
          1.0,
          1.0,
          1.0,
          1.0,
          1.0,
          1.0,
          1.0,
          1.0,
          1.0,
          1.0,
          1.0,
          1.0,
          1.0,
          1.0,
          1.0,
          1.0
        ],
        "n_active_dims": 16,
        "n_dead_dims": 0,
        "active_dims": [
          0,
          1,
          2,
          3,
          4,
          5,
          6,
          7,
          8,
          9,
          10,
          11,
          12,
          13,
          14,
          15
        ]
      },
      "topk": {
        "classifier_accuracy": 0.9987694621086121,
        "reconstruction_mse": 1.5334584712982178,
        "iia": 0.0,
        "hard_iia": 0.0,
        "equivariance": 0.0,
        "l0": 4.0,
        "factor_stability": 0.9643408218089623,
        "dim_frequencies": [
          0.00022373867977876216,
          0.40720438957214355,
          0.0,
          0.0,
          0.0,
          0.5099004507064819,
          0.5468173623085022,
          0.5846291780471802,
          0.4426669776439667,
          0.4896520972251892,
          0.0,
          0.0,
          0.5145989656448364,
          0.504306972026825,
          0.0,
          0.0
        ],
        "n_active_dims": 8,
        "n_dead_dims": 8,
        "active_dims": [
          1,
          5,
          6,
          7,
          8,
          9,
          12,
          13
        ]
      }
    }
  },
  "multiplication": {
    "grokked": true,
    "test_accuracy": 1.0,
    "grassmannian_class": "always",
    "variants": {
      "dense": {
        "classifier_accuracy": 1.0,
        "reconstruction_mse": 0.7686893939971924,
        "iia": 1.0,
        "hard_iia": 1.0,
        "equivariance": 0.0,
        "l0": 16.0,
        "factor_stability": 0.9999999909528665,
        "dim_frequencies": [
          1.0,
          1.0,
          1.0,
          1.0,
          1.0,
          1.0,
          1.0,
          1.0,
          1.0,
          1.0,
          1.0,
          1.0,
          1.0,
          1.0,
          1.0,
          1.0
        ],
        "n_active_dims": 16,
        "n_dead_dims": 0,
        "active_dims": [
          0,
          1,
          2,
          3,
          4,
          5,
          6,
          7,
          8,
          9,
          10,
          11,
          12,
          13,
          14,
          15
        ]
      },
      "jumprelu": {
        "classifier_accuracy": 1.0,
        "reconstruction_mse": 0.8574418425559998,
        "iia": 0.008,
        "hard_iia": 0.005,
        "equivariance": 0.0,
        "l0": 3.733287811279297,
        "factor_stability": 0.9947801092228994,
        "dim_frequencies": [
          0.1990661770105362,
          0.2267395555973053,
          0.3026990294456482,
          0.235622376203537,
          0.19303041696548462,
          0.33469992876052856,
          0.1908666491508484,
          0.17913678288459778,
          0.2837945520877838,
          0.24222753942012787,
          0.21352921426296234,
          0.30110466480255127,
          0.18767794966697693,
          0.18596971035003662,
          0.22104544937610626,
          0.2360779047012329
        ],
        "n_active_dims": 16,
        "n_dead_dims": 0,
        "active_dims": [
          0,
          1,
          2,
          3,
          4,
          5,
          6,
          7,
          8,
          9,
          10,
          11,
          12,
          13,
          14,
          15
        ]
      },
      "l1": {
        "classifier_accuracy": 1.0,
        "reconstruction_mse": 0.7354617118835449,
        "iia": 1.0,
        "hard_iia": 1.0,
        "equivariance": 0.0,
        "l0": 16.0,
        "factor_stability": 0.9999999909528665,
        "dim_frequencies": [
          1.0,
          1.0,
          1.0,
          1.0,
          1.0,
          1.0,
          1.0,
          1.0,
          1.0,
          1.0,
          1.0,
          1.0,
          1.0,
          1.0,
          1.0,
          1.0
        ],
        "n_active_dims": 16,
        "n_dead_dims": 0,
        "active_dims": [
          0,
          1,
          2,
          3,
          4,
          5,
          6,
          7,
          8,
          9,
          10,
          11,
          12,
          13,
          14,
          15
        ]
      },
      "topk": {
        "classifier_accuracy": 1.0,
        "reconstruction_mse": 0.83558589220047,
        "iia": 0.0,
        "hard_iia": 0.0,
        "equivariance": 0.0,
        "l0": 4.0,
        "factor_stability": 0.9287540385433074,
        "dim_frequencies": [
          0.1354059875011444,
          0.0,
          0.37364766001701355,
          0.21649014949798584,
          0.4067873954772949,
          0.45382076501846313,
          0.3946020007133484,
          0.36715635657310486,
          0.0,
          0.2978020906448364,
          0.366245299577713,
          0.04293360933661461,
          0.0,
          0.3900466859340668,
          0.3485935628414154,
          0.20646852254867554
        ],
        "n_active_dims": 12,
        "n_dead_dims": 3,
        "active_dims": [
          0,
          2,
          3,
          4,
          5,
          6,
          7,
          9,
          10,
          13,
          14,
          15
        ]
      }
    }
  },
  "squaring": {
    "grokked": false,
    "test_accuracy": 0.012500000186264515,
    "grassmannian_class": "never",
    "variants": {
      "dense": {
        "classifier_accuracy": 0.02500000037252903,
        "reconstruction_mse": 0.21951274573802948,