{
  "task": "ioi",
  "n_pairs": 1983,
  "n_classes": 18,
  "k1": {
    "das_iia": 0.18487394957983194,
    "nl_das_iia": 1.0,
    "vae_iia": 0.20168067226890757,
    "vae_recon_mse": 0.8751777410507202,
    "vae_cls_acc": 0.6100000143051147,
    "c1_random_labels_iia": 0.005042016806722689,
    "c1_random_labels_recon": 1.069875955581665,
    "c1_random_labels_cls_acc": 0.2800000011920929,
    "c2_recon_only_iia": 0.0033613445378151263,
    "c2_recon_only_recon": 1.028850793838501,
    "c3_untrained_iia": 0.0,
    "c3_untrained_recon": 78.76132202148438,
    "c7_unconstrained_iia": 0.005042016806722689,
    "c7_unconstrained_recon": 1.0195873975753784,
    "random_das_iia": 0.0,
    "pi_plain_vae_iia": 0.1092436974789916,
    "pi_plain_vae_recon_mse": 0.6463632583618164,
    "pi_plain_vae_cls_acc": 0.8299999833106995,
    "pi_plain_sae_iia": 0.7798319327731092,
    "pi_plain_sae_recon_mse": 0.29209640622138977,
    "pi_plain_sae_cls_acc": 1.0,
    "pi_plain_sae_l0": 0.9924264550209045,
    "pi_vae_iia": 0.41680672268907565,
    "pi_vae_recon_mse": 0.9260629415512085,
    "pi_vae_cls_acc": 0.7199999690055847,
    "pi_sae_iia": 0.9882352941176471,
    "pi_sae_recon_mse": 0.9443063735961914,
    "pi_sae_cls_acc": 1.0,
    "pi_sae_l0": 0.9975000023841858
  },
  "k2": {
    "das_iia": 0.3042016806722689,
    "nl_das_iia": 1.0,
    "vae_iia": 0.680672268907563,
    "vae_recon_mse": 0.9351975917816162,
    "vae_cls_acc": 1.0,
    "c1_random_labels_iia": 0.015126050420168067,
    "c1_random_labels_recon": 1.0187323093414307,
    "c1_random_labels_cls_acc": 0.8349999785423279,
    "c2_recon_only_iia": 0.005042016806722689,
    "c2_recon_only_recon": 1.0795022249221802,
    "c3_untrained_iia": 0.0,
    "c3_untrained_recon": 78.60419464111328,
    "c7_unconstrained_iia": 0.008403361344537815,
    "c7_unconstrained_recon": 0.8690896034240723,
    "random_das_iia": 0.0,
    "pi_plain_vae_iia": 0.561344537815126,
    "pi_plain_vae_recon_mse": 0.7027804851531982,
    "pi_plain_vae_cls_acc": 1.0,
    "pi_plain_sae_iia": 0.8252100840336134,
    "pi_plain_sae_recon_mse": 0.2584751546382904,
    "pi_plain_sae_cls_acc": 1.0,
    "pi_plain_sae_l0": 0.992222249507904,
    "pi_vae_iia": 0.9445378151260504,
    "pi_vae_recon_mse": 0.9768701195716858,
    "pi_vae_cls_acc": 1.0,
    "pi_sae_iia": 0.9798319327731092,
    "pi_sae_recon_mse": 0.864685595035553,
    "pi_sae_cls_acc": 1.0,
    "pi_sae_l0": 0.9953124523162842
  },
  "k4": {
    "das_iia": 0.5294117647058824,
    "nl_das_iia": 1.0,
    "vae_iia": 0.9865546218487395,
    "vae_recon_mse": 1.0634753704071045,
    "vae_cls_acc": 1.0,
    "c1_random_labels_iia": 0.005042016806722689,
    "c1_random_labels_recon": 1.1453250646591187,
    "c1_random_labels_cls_acc": 0.949999988079071,
    "c2_recon_only_iia": 0.0016806722689075631,
    "c2_recon_only_recon": 0.9745693206787109,
    "c3_untrained_iia": 0.0,
    "c3_untrained_recon": 78.61328125,
    "c7_unconstrained_iia": 0.031932773109243695,
    "c7_unconstrained_recon": 0.9320242404937744,
    "random_das_iia": 0.0016806722689075631,
    "pi_plain_vae_iia": 0.680672268907563,
    "pi_plain_vae_recon_mse": 0.5960384011268616,
    "pi_plain_vae_cls_acc": 1.0,
    "pi_plain_sae_iia": 0.9226890756302522,
    "pi_plain_sae_recon_mse": 0.25628817081451416,
    "pi_plain_sae_cls_acc": 1.0,
    "pi_plain_sae_l0": 0.9923437833786011,
    "pi_vae_iia": 0.9798319327731092,
    "pi_vae_recon_mse": 0.9491941332817078,
    "pi_vae_cls_acc": 1.0,
    "pi_sae_iia": 0.9781512605042016,
    "pi_sae_recon_mse": 0.5714721083641052,
    "pi_sae_cls_acc": 1.0,
    "pi_sae_l0": 0.9937499761581421
  },
  "elapsed_seconds": 1626.7,
  "timestamp": "2026-06-22T11:47:21Z"
}