{
  "timestamp": "2026-06-22T02:47:37Z",
  "ioi": {
    "task": "ioi",
    "n_pairs": 1983,
    "n_classes": 18,
    "k1": {
      "das_iia": 0.19327731092436976,
      "nl_das_iia": 1.0,
      "vae_iia": 0.2319327731092437,
      "vae_recon_mse": 0.8003224730491638,
      "vae_cls_acc": 0.625,
      "c1_random_labels_iia": 0.015126050420168067,
      "c1_random_labels_recon": 1.1086921691894531,
      "c1_random_labels_cls_acc": 0.3050000071525574,
      "c2_recon_only_iia": 0.005042016806722689,
      "c2_recon_only_recon": 0.9043222069740295,
      "c3_untrained_iia": 0.0,
      "c3_untrained_recon": 78.59902954101562,
      "c7_unconstrained_iia": 0.020168067226890758,
      "c7_unconstrained_recon": 0.9537352919578552,
      "random_das_iia": 0.0
    },
    "k2": {
      "das_iia": 0.29747899159663865,
      "nl_das_iia": 1.0,
      "vae_iia": 0.719327731092437,
      "vae_recon_mse": 0.9015024900436401,
      "vae_cls_acc": 1.0,
      "c1_random_labels_iia": 0.011764705882352941,
      "c1_random_labels_recon": 1.0063607692718506,
      "c1_random_labels_cls_acc": 0.8700000047683716,
      "c2_recon_only_iia": 0.0033613445378151263,
      "c2_recon_only_recon": 0.9460620284080505,
      "c3_untrained_iia": 0.0,
      "c3_untrained_recon": 78.5582046508789,
      "c7_unconstrained_iia": 0.08235294117647059,
      "c7_unconstrained_recon": 0.9243069887161255,
      "random_das_iia": 0.0
    },
    "k4": {
      "das_iia": 0.5563025210084034,
      "nl_das_iia": 1.0,
      "vae_iia": 0.9781512605042016,
      "vae_recon_mse": 1.1211693286895752,
      "vae_cls_acc": 1.0,
      "c1_random_labels_iia": 0.018487394957983194,
      "c1_random_labels_recon": 1.1018970012664795,
      "c1_random_labels_cls_acc": 0.9449999928474426,
      "c2_recon_only_iia": 0.0016806722689075631,
      "c2_recon_only_recon": 1.0862452983856201,
      "c3_untrained_iia": 0.0,
      "c3_untrained_recon": 78.52574157714844,
      "c7_unconstrained_iia": 0.04873949579831933,
      "c7_unconstrained_recon": 0.897030770778656,
      "random_das_iia": 0.0
    }
  },
  "addition": {
    "task": "addition",
    "grokked": true,
    "test_accuracy": 0.9995525479316711,
    "k1": {
      "das_iia": 0.005555555555555556,
      "nl_das_iia": 0.19444444444444445,
      "vae_iia": 0.0,
      "vae_recon_mse": 1.929478406906128,
      "vae_cls_acc": 0.13499999046325684,
      "c1_random_labels_iia": 0.0,
      "c1_random_labels_recon": 2.0692241191864014,
      "c1_random_labels_cls_acc": 0.004999999888241291,
      "c2_recon_only_iia": 0.0,
      "c2_recon_only_recon": 1.7625973224639893,
      "c3_untrained_iia": 0.0,
      "c3_untrained_recon": 2162.192626953125,
      "c7_unconstrained_iia": 0.0,
      "c7_unconstrained_recon": 1.7699944972991943,
      "random_das_iia": 0.0
    },
    "k2": {
      "das_iia": 0.06111111111111111,
      "nl_das_iia": 0.4888888888888889,
      "vae_iia": 0.005555555555555556,
      "vae_recon_mse": 1.3019022941589355,
      "vae_cls_acc": 0.7599999904632568,
      "c1_random_labels_iia": 0.0,
      "c1_random_labels_recon": 3.366757392883301,
      "c1_random_labels_cls_acc": 0.0,
      "c2_recon_only_iia": 0.0,
      "c2_recon_only_recon": 1.6931939125061035,
      "c3_untrained_iia": 0.016666666666666666,
      "c3_untrained_recon": 3775.21240234375,
      "c7_unconstrained_iia": 0.011111111111111112,
      "c7_unconstrained_recon": 1.5363965034484863,
      "random_das_iia": 0.0
    },
    "k4": {
      "das_iia": 0.28888888888888886,
      "nl_das_iia": 0.8833333333333333,
      "vae_iia": 0.08888888888888889,
      "vae_recon_mse": 1.541648507118225,
      "vae_cls_acc": 0.98499995470047,
      "c1_random_labels_iia": 0.0,
      "c1_random_labels_recon": 0.9993314743041992,
      "c1_random_labels_cls_acc": 0.014999999664723873,
      "c2_recon_only_iia": 0.0,
      "c2_recon_only_recon": 1.455517053604126,
      "c3_untrained_iia": 0.0,
      "c3_untrained_recon": 2169.1591796875,
      "c7_unconstrained_iia": 0.005555555555555556,
      "c7_unconstrained_recon": 2.1504368782043457,
      "random_das_iia": 0.0
    }
  },
  "multiplication": {
    "task": "multiplication",
    "grokked": true,
    "test_accuracy": 1.0,
    "k1": {
      "das_iia": 0.022222222222222223,
      "nl_das_iia": 0.21666666666666667,
      "vae_iia": 0.0,
      "vae_recon_mse": 0.6868780851364136,
      "vae_cls_acc": 0.14000000059604645,
      "c1_random_labels_iia": 0.0,
      "c1_random_labels_recon": 0.736273467540741,
      "c1_random_labels_cls_acc": 0.009999999776482582,
      "c2_recon_only_iia": 0.0,
      "c2_recon_only_recon": 0.7979493737220764,
      "c3_untrained_iia": 0.0,
      "c3_untrained_recon": 275.5487976074219,
      "c7_unconstrained_iia": 0.0,
      "c7_unconstrained_recon": 0.6470232009887695,
      "random_das_iia": 0.0
    },
    "k2": {
      "das_iia": 0.05555555555555555,
      "nl_das_iia": 0.5388888888888889,
      "vae_iia": 0.0,
      "vae_recon_mse": 0.773711085319519,
      "vae_cls_acc": 0.9149999618530273,
      "c1_random_labels_iia": 0.0,
      "c1_random_labels_recon": 0.6791678667068481,
      "c1_random_labels_cls_acc": 0.004999999888241291,
      "c2_recon_only_iia": 0.0,
      "c2_recon_only_recon": 0.6798058152198792,
      "c3_untrained_iia": 0.005555555555555556,
      "c3_untrained_recon": 275.6319580078125,
      "c7_unconstrained_iia": 0.0,
      "c7_unconstrained_recon": 0.6521098017692566,
      "random_das_iia": 0.0
    },
    "k4": {
      "das_iia": 0.34444444444444444,
      "nl_das_iia": 0.9611111111111111,
      "vae_iia": 0.0,
      "vae_recon_mse": 0.7764587998390198,
      "vae_cls_acc": 1.0,
      "c1_random_labels_iia": 0.0,
      "c1_random_labels_recon": 0.7081320285797119,
      "c1_random_labels_cls_acc": 0.009999999776482582,
      "c2_recon_only_iia": 0.0,
      "c2_recon_only_recon": 0.7191699147224426,
      "c3_untrained_iia": 0.027777777777777776,
      "c3_untrained_recon": 275.9658203125,
      "c7_unconstrained_iia": 0.005555555555555556,
      "c7_unconstrained_recon": 0.585519552230835,
      "random_das_iia": 0.0
    }
  },
  "squaring": {
    "task": "squaring",
    "grokked": false,
    "test_accuracy": 0.012500000186264515,
    "k1": {
      "das_iia": 0.0,
      "nl_das_iia": 0.011111111111111112,
      "vae_iia": 0.0,
      "vae_recon_mse": 0.4211432933807373,
      "vae_cls_acc": 0.05309734493494034,
      "c1_random_labels_iia": 0.0,
      "c1_random_labels_recon": 0.36967846751213074,
      "c1_random_labels_cls_acc": 0.05309734493494034,
      "c2_recon_only_iia": 0.0,
      "c2_recon_only_recon": 0.45351341366767883,
      "c3_untrained_iia": 0.0,
      "c3_untrained_recon": 36.417327880859375,
      "c7_unconstrained_iia": 0.0,
      "c7_unconstrained_recon": 0.35206469893455505,
      "random_das_iia": 0.0
    },
    "k2": {
      "das_iia": 0.0,
      "nl_das_iia": 0.011111111111111112,
      "vae_iia": 0.0,
      "vae_recon_mse": 0.3541580140590668,
      "vae_cls_acc": 0.16814158856868744,
      "c1_random_labels_iia": 0.0,
      "c1_random_labels_recon": 0.3462410271167755,
      "c1_random_labels_cls_acc": 0.13274335861206055,
      "c2_recon_only_iia": 0.0,
      "c2_recon_only_recon": 0.3854740560054779,
      "c3_untrained_iia": 0.011111111111111112,
      "c3_untrained_recon": 36.361202239990234,
      "c7_unconstrained_iia": 0.0,
      "c7_unconstrained_recon": 0.4222245216369629,
      "random_das_iia": 0.0
    },
    "k4": {
      "das_iia": 0.0,
      "nl_das_iia": 0.011111111111111112,
      "vae_iia": 0.0,
      "vae_recon_mse": 0.4190933108329773,
      "vae_cls_acc": 0.3097345232963562,
      "c1_random_labels_iia": 0.0,
      "c1_random_labels_recon": 0.41003498435020447,
      "c1_random_labels_cls_acc": 0.2654867172241211,
      "c2_recon_only_iia": 0.0,
      "c2_recon_only_recon": 0.33922043442726135,
      "c3_untrained_iia": 0.0,
      "c3_untrained_recon": 36.36705780029297,
      "c7_unconstrained_iia": 0.0,