{
  "operation": "composite_addition",
  "seed": 256,
  "grokked": true,
  "final_test_loss": 0.025741791363209667,
  "final_test_acc": 0.9991050958633423,
  "n_epochs": 30000,
  "das_k2": {
    "iia": 0.8933333333333333,
    "equivariance": 0.084,
    "random_equiv": 0.068
  },
  "das_k4": {
    "iia": 0.9866666666666667,
    "equivariance": 0.052,
    "random_equiv": 0.058
  },
  "train_loss_final": 0.015720429768199397,
  "grok_epoch": 6196,
  "timestamp": "2026-06-22T01:57:28Z",
  "p_data": 113,
  "p_mod": 91
}