{
  "task": "capitals",
  "n_pairs": 190,
  "n_pairs_orig": 190,
  "n_classes": 182,
  "layer": 8,
  "n_seeds": 1,
  "max_pairs": 1000,
  "k1": {
    "das_iia": 0.10526315789473684,
    "das_strict_iia": 0.0,
    "nl_das_iia": 0.6842105263157895,
    "nl_das_strict_iia": 0.03508771929824561,
    "vae_iia": 0.14035087719298245,
    "vae_strict_iia": 0.0,
    "vae_recon_mse": 0.7088757157325745,
    "vae_cls_acc": 0.03999999910593033,
    "c1_random_labels_iia": 0.12280701754385964,
    "c1_random_labels_strict_iia": 0.0,
    "c1_random_labels_recon": 0.7164433598518372,
    "c1_random_labels_cls_acc": 0.029999999329447746,
    "c2_recon_only_iia": 0.10526315789473684,
    "c2_recon_only_strict_iia": 0.0,
    "c2_recon_only_recon": 0.7290576696395874,
    "c3_untrained_iia": 0.45614035087719296,
    "c3_untrained_strict_iia": 0.0,
    "c3_untrained_recon": 17.963642120361328,
    "c7_unconstrained_iia": 0.12280701754385964,
    "c7_unconstrained_strict_iia": 0.0,
    "c7_unconstrained_recon": 0.7221183180809021,
    "random_das_iia": 0.10526315789473684,
    "random_das_strict_iia": 0.0,
    "pi_plain_vae_iia": 0.12280701754385964,
    "pi_plain_vae_strict_iia": 0.0,
    "pi_plain_vae_recon_mse": 0.3833009898662567,
    "pi_plain_vae_cls_acc": 0.019999999552965164,
    "pi_plain_sae_iia": 0.14035087719298245,
    "pi_plain_sae_strict_iia": 0.017543859649122806,
    "pi_plain_sae_recon_mse": 0.15103742480278015,
    "pi_plain_sae_cls_acc": 1.0,
    "pi_plain_sae_l0": 0.986213207244873,
    "pi_vae_iia": 0.14035087719298245,
    "pi_vae_strict_iia": 0.0,
    "pi_vae_recon_mse": 0.6696028113365173,
    "pi_vae_cls_acc": 0.03999999910593033,
    "pi_sae_iia": 0.19298245614035087,
    "pi_sae_strict_iia": 0.017543859649122806,
    "pi_sae_recon_mse": 0.31476709246635437,
    "pi_sae_cls_acc": 1.0,
    "pi_sae_l0": 0.9987499713897705
  },
  "k2": {
    "das_iia": 0.10526315789473684,
    "das_strict_iia": 0.0,
    "nl_das_iia": 0.47368421052631576,
    "nl_das_strict_iia": 0.0,
    "vae_iia": 0.12280701754385964,
    "vae_strict_iia": 0.0,
    "vae_recon_mse": 0.6483151316642761,
    "vae_cls_acc": 0.11999999731779099,
    "c1_random_labels_iia": 0.10526315789473684,
    "c1_random_labels_strict_iia": 0.0,
    "c1_random_labels_recon": 0.6696969866752625,
    "c1_random_labels_cls_acc": 0.0949999988079071,
    "c2_recon_only_iia": 0.12280701754385964,
    "c2_recon_only_strict_iia": 0.0,
    "c2_recon_only_recon": 0.7098958492279053,
    "c3_untrained_iia": 0.45614035087719296,
    "c3_untrained_strict_iia": 0.0,
    "c3_untrained_recon": 17.934247970581055,
    "c7_unconstrained_iia": 0.10526315789473684,
    "c7_unconstrained_strict_iia": 0.0,
    "c7_unconstrained_recon": 0.7136949300765991,
    "random_das_iia": 0.10526315789473684,
    "random_das_strict_iia": 0.0,
    "pi_plain_vae_iia": 0.12280701754385964,
    "pi_plain_vae_strict_iia": 0.0,
    "pi_plain_vae_recon_mse": 0.3603040277957916,
    "pi_plain_vae_cls_acc": 0.23999999463558197,
    "pi_plain_sae_iia": 0.17543859649122806,
    "pi_plain_sae_strict_iia": 0.017543859649122806,
    "pi_plain_sae_recon_mse": 0.112006776034832,
    "pi_plain_sae_cls_acc": 1.0,
    "pi_plain_sae_l0": 0.9855555891990662,
    "pi_vae_iia": 0.14035087719298245,
    "pi_vae_strict_iia": 0.0,
    "pi_vae_recon_mse": 0.6155998110771179,
    "pi_vae_cls_acc": 0.17999999225139618,
    "pi_sae_iia": 0.17543859649122806,
    "pi_sae_strict_iia": 0.017543859649122806,
    "pi_sae_recon_mse": 0.23839126527309418,
    "pi_sae_cls_acc": 1.0,
    "pi_sae_l0": 0.9962499737739563
  },
  "k4": {
    "das_iia": 0.14035087719298245,
    "das_strict_iia": 0.03508771929824561,
    "nl_das_iia": 0.543859649122807,
    "nl_das_strict_iia": 0.08771929824561403,
    "vae_iia": 0.15789473684210525,
    "vae_strict_iia": 0.0,
    "vae_recon_mse": 0.531730592250824,
    "vae_cls_acc": 0.7249999642372131,
    "c1_random_labels_iia": 0.12280701754385964,
    "c1_random_labels_strict_iia": 0.0,
    "c1_random_labels_recon": 0.5831666588783264,
    "c1_random_labels_cls_acc": 0.29999998211860657,
    "c2_recon_only_iia": 0.10526315789473684,
    "c2_recon_only_strict_iia": 0.0,
    "c2_recon_only_recon": 0.7190929055213928,
    "c3_untrained_iia": 0.38596491228070173,
    "c3_untrained_strict_iia": 0.0,
    "c3_untrained_recon": 17.948205947875977,
    "c7_unconstrained_iia": 0.12280701754385964,
    "c7_unconstrained_strict_iia": 0.0,
    "c7_unconstrained_recon": 0.7150559425354004,
    "random_das_iia": 0.10526315789473684,
    "random_das_strict_iia": 0.0,
    "pi_plain_vae_iia": 0.14035087719298245,
    "pi_plain_vae_strict_iia": 0.0,
    "pi_plain_vae_recon_mse": 0.2968417704105377,
    "pi_plain_vae_cls_acc": 0.9300000071525574,
    "pi_plain_sae_iia": 0.17543859649122806,
    "pi_plain_sae_strict_iia": 0.017543859649122806,
    "pi_plain_sae_recon_mse": 0.12588649988174438,
    "pi_plain_sae_cls_acc": 1.0,
    "pi_plain_sae_l0": 0.9889687895774841,
    "pi_vae_iia": 0.15789473684210525,
    "pi_vae_strict_iia": 0.017543859649122806,
    "pi_vae_recon_mse": 0.49501511454582214,
    "pi_vae_cls_acc": 0.7849999666213989,
    "pi_sae_iia": 0.19298245614035087,
    "pi_sae_strict_iia": 0.017543859649122806,
    "pi_sae_recon_mse": 0.21426305174827576,
    "pi_sae_cls_acc": 1.0,
    "pi_sae_l0": 0.9962499737739563
  },
  "elapsed_seconds": 1362.5,
  "timestamp": "2026-06-23T00:38:16Z"
}