{
  "task": "hypernymy",
  "n_pairs": 198,
  "n_classes": 30,
  "k1": {
    "das_iia": 0.03333333333333333,
    "nl_das_iia": 0.2,
    "vae_iia": 0.016666666666666666,
    "vae_recon_mse": 2.2573790550231934,
    "vae_cls_acc": 0.4350000023841858,
    "c1_random_labels_iia": 0.0,
    "c1_random_labels_recon": 2.243685007095337,
    "c1_random_labels_cls_acc": 0.22499999403953552,
    "c2_recon_only_iia": 0.0,
    "c2_recon_only_recon": 2.4067137241363525,
    "c3_untrained_iia": 0.0,
    "c3_untrained_recon": 88.23887634277344,
    "c7_unconstrained_iia": 0.0,
    "c7_unconstrained_recon": 2.261836290359497,
    "random_das_iia": 0.0,
    "pi_plain_vae_iia": 0.0,
    "pi_plain_vae_recon_mse": 1.4691892862319946,
    "pi_plain_vae_cls_acc": 0.47999998927116394,
    "pi_plain_sae_iia": 0.016666666666666666,
    "pi_plain_sae_recon_mse": 1.2679847478866577,
    "pi_plain_sae_cls_acc": 1.0,
    "pi_plain_sae_l0": 0.9929043650627136,
    "pi_vae_iia": 0.016666666666666666,
    "pi_vae_recon_mse": 2.309088706970215,
    "pi_vae_cls_acc": 0.19999998807907104,
    "pi_sae_iia": 0.5,
    "pi_sae_recon_mse": 2.0360352993011475,
    "pi_sae_cls_acc": 1.0,
    "pi_sae_l0": 0.9962499737739563
  },
  "k2": {
    "das_iia": 0.05,
    "nl_das_iia": 0.31666666666666665,
    "vae_iia": 0.03333333333333333,
    "vae_recon_mse": 2.1599512100219727,
    "vae_cls_acc": 0.6449999809265137,
    "c1_random_labels_iia": 0.0,
    "c1_random_labels_recon": 2.1662566661834717,
    "c1_random_labels_cls_acc": 0.429999977350235,
    "c2_recon_only_iia": 0.0,
    "c2_recon_only_recon": 2.395321846008301,
    "c3_untrained_iia": 0.0,
    "c3_untrained_recon": 88.36012268066406,
    "c7_unconstrained_iia": 0.0,
    "c7_unconstrained_recon": 2.180393695831299,
    "random_das_iia": 0.0,
    "pi_plain_vae_iia": 0.05,
    "pi_plain_vae_recon_mse": 1.5847809314727783,
    "pi_plain_vae_cls_acc": 0.9149999618530273,
    "pi_plain_sae_iia": 0.03333333333333333,
    "pi_plain_sae_recon_mse": 1.2238446474075317,
    "pi_plain_sae_cls_acc": 1.0,
    "pi_plain_sae_l0": 0.9942014217376709,
    "pi_vae_iia": 0.03333333333333333,
    "pi_vae_recon_mse": 2.016361713409424,
    "pi_vae_cls_acc": 0.8100000023841858,
    "pi_sae_iia": 0.4666666666666667,
    "pi_sae_recon_mse": 1.6378328800201416,
    "pi_sae_cls_acc": 1.0,
    "pi_sae_l0": 0.9940624833106995
  },
  "k4": {
    "das_iia": 0.08333333333333333,
    "nl_das_iia": 0.43333333333333335,
    "vae_iia": 0.23333333333333334,
    "vae_recon_mse": 2.1252169609069824,
    "vae_cls_acc": 1.0,
    "c1_random_labels_iia": 0.0,
    "c1_random_labels_recon": 2.0524673461914062,
    "c1_random_labels_cls_acc": 0.75,
    "c2_recon_only_iia": 0.0,
    "c2_recon_only_recon": 2.608229637145996,
    "c3_untrained_iia": 0.0,
    "c3_untrained_recon": 88.23538970947266,
    "c7_unconstrained_iia": 0.0,
    "c7_unconstrained_recon": 2.146127462387085,
    "random_das_iia": 0.0,
    "pi_plain_vae_iia": 0.2,
    "pi_plain_vae_recon_mse": 1.5340861082077026,
    "pi_plain_vae_cls_acc": 1.0,
    "pi_plain_sae_iia": 0.16666666666666666,
    "pi_plain_sae_recon_mse": 1.1179368495941162,
    "pi_plain_sae_cls_acc": 1.0,
    "pi_plain_sae_l0": 0.9937812685966492,
    "pi_vae_iia": 0.4,
    "pi_vae_recon_mse": 2.0288164615631104,
    "pi_vae_cls_acc": 1.0,
    "pi_sae_iia": 0.4666666666666667,
    "pi_sae_recon_mse": 1.652840495109558,
    "pi_sae_cls_acc": 1.0,
    "pi_sae_l0": 0.9948437213897705
  },
  "elapsed_seconds": 1061.8,
  "timestamp": "2026-06-22T20:37:38Z"
}