{
  "task": "symmetric_power",
  "grokked": false,
  "test_accuracy": 0.2085184007883072,
  "k1": {
    "das_iia": 0.011111111111111112,
    "nl_das_iia": 0.2611111111111111,
    "vae_iia": 0.005555555555555556,
    "vae_recon_mse": 25.84800148010254,
    "vae_cls_acc": 0.014999999664723873,
    "c1_random_labels_iia": 0.005555555555555556,
    "c1_random_labels_recon": 25.960710525512695,
    "c1_random_labels_cls_acc": 0.029999999329447746,
    "c2_recon_only_iia": 0.011111111111111112,
    "c2_recon_only_recon": 24.60355567932129,
    "c3_untrained_iia": 0.022222222222222223,
    "c3_untrained_recon": 875.9423217773438,
    "c7_unconstrained_iia": 0.0,
    "c7_unconstrained_recon": 24.264612197875977,
    "random_das_iia": 0.0,
    "pi_plain_vae_iia": 0.016666666666666666,
    "pi_plain_vae_recon_mse": 26.521366119384766,
    "pi_plain_vae_cls_acc": 0.019999999552965164,
    "pi_plain_sae_iia": 0.0,
    "pi_plain_sae_recon_mse": 5.433253288269043,
    "pi_plain_sae_cls_acc": 0.09999999403953552,
    "pi_plain_sae_l0": 0.9904411435127258,
    "pi_vae_iia": 0.005555555555555556,
    "pi_vae_recon_mse": 25.481523513793945,
    "pi_vae_cls_acc": 0.014999999664723873,
    "pi_sae_iia": 0.022222222222222223,
    "pi_sae_recon_mse": 16.204734802246094,
    "pi_sae_cls_acc": 0.06499999761581421,
    "pi_sae_l0": 0.996874988079071
  },
  "k2": {
    "das_iia": 0.016666666666666666,
    "nl_das_iia": 0.6277777777777778,
    "vae_iia": 0.016666666666666666,
    "vae_recon_mse": 23.526201248168945,
    "vae_cls_acc": 0.02499999850988388,
    "c1_random_labels_iia": 0.011111111111111112,
    "c1_random_labels_recon": 23.149755477905273,
    "c1_random_labels_cls_acc": 0.004999999888241291,
    "c2_recon_only_iia": 0.011111111111111112,
    "c2_recon_only_recon": 23.73349380493164,
    "c3_untrained_iia": 0.005555555555555556,
    "c3_untrained_recon": 874.7532348632812,
    "c7_unconstrained_iia": 0.005555555555555556,
    "c7_unconstrained_recon": 21.89917755126953,
    "random_das_iia": 0.0,
    "pi_plain_vae_iia": 0.011111111111111112,
    "pi_plain_vae_recon_mse": 21.638553619384766,
    "pi_plain_vae_cls_acc": 0.004999999888241291,
    "pi_plain_sae_iia": 0.011111111111111112,
    "pi_plain_sae_recon_mse": 5.6574320793151855,
    "pi_plain_sae_cls_acc": 0.16499999165534973,
    "pi_plain_sae_l0": 0.9886458516120911,
    "pi_vae_iia": 0.005555555555555556,
    "pi_vae_recon_mse": 22.9903507232666,
    "pi_vae_cls_acc": 0.029999999329447746,
    "pi_sae_iia": 0.016666666666666666,
    "pi_sae_recon_mse": 15.99726390838623,
    "pi_sae_cls_acc": 0.12999999523162842,
    "pi_sae_l0": 0.9978124499320984
  },
  "k4": {
    "das_iia": 0.027777777777777776,
    "nl_das_iia": 0.9222222222222223,
    "vae_iia": 0.016666666666666666,
    "vae_recon_mse": 18.48184585571289,
    "vae_cls_acc": 0.03500000014901161,
    "c1_random_labels_iia": 0.0,
    "c1_random_labels_recon": 18.120243072509766,
    "c1_random_labels_cls_acc": 0.019999999552965164,
    "c2_recon_only_iia": 0.0,
    "c2_recon_only_recon": 18.996631622314453,
    "c3_untrained_iia": 0.011111111111111112,
    "c3_untrained_recon": 872.4696655273438,
    "c7_unconstrained_iia": 0.005555555555555556,
    "c7_unconstrained_recon": 18.222543716430664,
    "random_das_iia": 0.016666666666666666,
    "pi_plain_vae_iia": 0.022222222222222223,
    "pi_plain_vae_recon_mse": 19.38479995727539,
    "pi_plain_vae_cls_acc": 0.03500000014901161,
    "pi_plain_sae_iia": 0.022222222222222223,
    "pi_plain_sae_recon_mse": 5.529404163360596,
    "pi_plain_sae_cls_acc": 0.35499998927116394,
    "pi_plain_sae_l0": 0.9934062957763672,
    "pi_vae_iia": 0.016666666666666666,
    "pi_vae_recon_mse": 18.150177001953125,
    "pi_vae_cls_acc": 0.019999999552965164,
    "pi_sae_iia": 0.08888888888888889,
    "pi_sae_recon_mse": 10.08568286895752,
    "pi_sae_cls_acc": 0.29999998211860657,
    "pi_sae_l0": 0.9979687333106995
  },
  "elapsed_seconds": 1876.6,
  "timestamp": "2026-06-22T12:25:35Z"
}