{
  "timestamp": "2026-06-22T04:35:15Z",
  "cross_template": {
    "task": "cross_template_transfer",
    "train_ABBA_k2": {
      "ABBA": {
        "das_iia": 0.23,
        "vae_iia": 0.31,
        "n_pairs": 300
      },
      "ABAB": {
        "das_iia": 0.22,
        "vae_iia": 0.42,
        "n_pairs": 300
      },
      "long": {
        "das_iia": 0.23333333333333334,
        "vae_iia": 0.31333333333333335,
        "n_pairs": 300
      },
      "possessive": {
        "das_iia": 0.17,
        "vae_iia": 0.27,
        "n_pairs": 300
      }
    },
    "train_ABBA_k4": {
      "ABBA": {
        "das_iia": 0.4166666666666667,
        "vae_iia": 0.92,
        "n_pairs": 300
      },
      "ABAB": {
        "das_iia": 0.2866666666666667,
        "vae_iia": 0.9566666666666667,
        "n_pairs": 300
      },
      "long": {
        "das_iia": 0.4066666666666667,
        "vae_iia": 0.8533333333333334,
        "n_pairs": 300
      },
      "possessive": {
        "das_iia": 0.2833333333333333,
        "vae_iia": 0.8233333333333334,
        "n_pairs": 300
      }
    },
    "train_ABAB_k2": {
      "ABBA": {
        "das_iia": 0.10666666666666667,
        "vae_iia": 0.43666666666666665,
        "n_pairs": 300
      },
      "ABAB": {
        "das_iia": 0.3433333333333333,
        "vae_iia": 0.5133333333333333,
        "n_pairs": 300
      },
      "long": {
        "das_iia": 0.16333333333333333,
        "vae_iia": 0.4633333333333333,
        "n_pairs": 300
      },
      "possessive": {
        "das_iia": 0.03666666666666667,
        "vae_iia": 0.37333333333333335,
        "n_pairs": 300
      }
    },
    "train_ABAB_k4": {
      "ABBA": {
        "das_iia": 0.22,
        "vae_iia": 0.85,
        "n_pairs": 300
      },
      "ABAB": {
        "das_iia": 0.55,
        "vae_iia": 0.9233333333333333,
        "n_pairs": 300
      },
      "long": {
        "das_iia": 0.27,
        "vae_iia": 0.7766666666666666,
        "n_pairs": 300
      },
      "possessive": {
        "das_iia": 0.10666666666666667,
        "vae_iia": 0.69,
        "n_pairs": 300
      }
    },
    "train_long_k2": {
      "ABBA": {
        "das_iia": 0.24333333333333335,
        "vae_iia": 0.4033333333333333,
        "n_pairs": 300
      },
      "ABAB": {
        "das_iia": 0.24,
        "vae_iia": 0.55,
        "n_pairs": 300
      },
      "long": {
        "das_iia": 0.31333333333333335,
        "vae_iia": 0.4633333333333333,
        "n_pairs": 300
      },
      "possessive": {
        "das_iia": 0.16333333333333333,
        "vae_iia": 0.3,
        "n_pairs": 300
      }
    },
    "train_long_k4": {
      "ABBA": {
        "das_iia": 0.41,
        "vae_iia": 0.93,
        "n_pairs": 300
      },
      "ABAB": {
        "das_iia": 0.37,
        "vae_iia": 0.9733333333333334,
        "n_pairs": 300
      },
      "long": {
        "das_iia": 0.47333333333333333,
        "vae_iia": 0.93,
        "n_pairs": 300
      },
      "possessive": {
        "das_iia": 0.30333333333333334,
        "vae_iia": 0.8233333333333334,
        "n_pairs": 300
      }
    },
    "train_possessive_k2": {
      "ABBA": {
        "das_iia": 0.22333333333333333,
        "vae_iia": 0.14,
        "n_pairs": 300
      },
      "ABAB": {
        "das_iia": 0.13333333333333333,
        "vae_iia": 0.30333333333333334,
        "n_pairs": 300
      },
      "long": {
        "das_iia": 0.20666666666666667,
        "vae_iia": 0.21666666666666667,
        "n_pairs": 300
      },
      "possessive": {
        "das_iia": 0.19666666666666666,
        "vae_iia": 0.12666666666666668,
        "n_pairs": 300
      }
    },
    "train_possessive_k4": {
      "ABBA": {
        "das_iia": 0.37,
        "vae_iia": 0.8166666666666667,
        "n_pairs": 300
      },
      "ABAB": {
        "das_iia": 0.35333333333333333,
        "vae_iia": 0.8733333333333333,
        "n_pairs": 300
      },
      "long": {
        "das_iia": 0.37333333333333335,
        "vae_iia": 0.76,
        "n_pairs": 300
      },
      "possessive": {
        "das_iia": 0.33,
        "vae_iia": 0.68,
        "n_pairs": 300
      }
    }
  },
  "sheaf": {
    "task": "sheaf_consistency",
    "n_clusters": 5,
    "cluster_sizes": [
      781,
      1056,
      259,
      466,
      420
    ],
    "consistency": {
      "c0_vs_c1": {
        "geodesic_distance": 2.5374820232391357,
        "principal_angles": [
          0.7041478753089905,
          1.2515150308609009,
          1.4110888242721558,
          1.544515609741211
        ],
        "cross_iia_12": 0.115,
        "cross_iia_21": 0.125
      },
      "c0_vs_c2": {
        "geodesic_distance": 2.3033251762390137,
        "principal_angles": [
          0.660942554473877,
          0.9579971432685852,
          1.2685368061065674,
          1.5302019119262695
        ],
        "cross_iia_12": 0.185,
        "cross_iia_21": 0.17
      },
      "c0_vs_c3": {
        "geodesic_distance": 1.9586178064346313,
        "principal_angles": [
          0.5460035800933838,
          0.6788641214370728,
          1.1108318567276,
          1.357667088508606
        ],
        "cross_iia_12": 0.2,
        "cross_iia_21": 0.28
      },
      "c0_vs_c4": {
        "geodesic_distance": 2.3698253631591797,
        "principal_angles": [
          0.5219106078147888,
          0.9185947179794312,
          1.4747463464736938,
          1.5247913599014282
        ],
        "cross_iia_12": 0.155,
        "cross_iia_21": 0.17
      },
      "c1_vs_c2": {
        "geodesic_distance": 1.9476386308670044,
        "principal_angles": [
          0.49067625403404236,
          0.8042494058609009,
          1.122576117515564,
          1.2827855348587036
        ],
        "cross_iia_12": 0.185,
        "cross_iia_21": 0.33
      },
      "c1_vs_c3": {
        "geodesic_distance": 2.0421864986419678,
        "principal_angles": [
          0.4585128724575043,
          0.9304535388946533,
          1.0858834981918335,
          1.383981704711914
        ],
        "cross_iia_12": 0.28,
        "cross_iia_21": 0.425
      },
      "c1_vs_c4": {
        "geodesic_distance": 2.2389519214630127,
        "principal_angles": [
          0.4538842737674713,
          0.9646043181419373,
          1.3605668544769287,
          1.4231274127960205
        ],
        "cross_iia_12": 0.19,
        "cross_iia_21": 0.24
      },
      "c2_vs_c3": {
        "geodesic_distance": 1.9359861612319946,
        "principal_angles": [
          0.4267234206199646,
          0.750756025314331,
          1.1170140504837036,
          1.3246110677719116
        ],
        "cross_iia_12": 0.19,
        "cross_iia_21": 0.165
      },
      "c2_vs_c4": {
        "geodesic_distance": 2.2909624576568604,
        "principal_angles": [
          0.4931536316871643,
          1.2088408470153809,
          1.259955883026123,
          1.398757815361023
        ],
        "cross_iia_12": 0.18,
        "cross_iia_21": 0.185
      },
      "c3_vs_c4": {
        "geodesic_distance": 2.1625399589538574,
        "principal_angles": [
          0.4563816487789154,
          0.9470099210739136,
          1.1170358657836914,
          1.524368166923523
        ],
        "cross_iia_12": 0.32,
        "cross_iia_21": 0.15
      }
    },
    "mean_geodesic": 2.178751599788666,
    "std_geodesic": 0.19407488883108123,
    "mean_cross_iia": 0.21200000000000002
  },
  "topology": {
    "task": "topological_validation",
    "addition": {
      "grokked": true,
      "test_accuracy": 0.9995525479316711,
      "vae_latent_topology": {
        "n_points": 200,
        "circularity": 0.49906712770462036,
        "angular_coverage": 0.9714510804434422,
        "var_explained_2d": 1.0000000441696835,
        "h0_n_deaths": 199,
        "h0_max_death": 2.127782106399536
      },
      "raw_activation_topology": {
        "n_points": 200,
        "circularity": 0.5495367348194122,
        "angular_coverage": 0.9598680092757377,
        "var_explained_2d": 1.000000005538816,