{
  "task": "quartic_sum",
  "grokked": true,
  "test_accuracy": 1.0,
  "k1": {
    "das_iia": 0.011111111111111112,
    "nl_das_iia": 0.24444444444444444,
    "vae_iia": 0.0,
    "vae_recon_mse": 3.4513161182403564,
    "vae_cls_acc": 0.2800000011920929,
    "c1_random_labels_iia": 0.0,
    "c1_random_labels_recon": 1.7736996412277222,
    "c1_random_labels_cls_acc": 0.029999999329447746,
    "c2_recon_only_iia": 0.0,
    "c2_recon_only_recon": 1.927004337310791,
    "c3_untrained_iia": 0.005555555555555556,
    "c3_untrained_recon": 6142.1015625,
    "c7_unconstrained_iia": 0.0,
    "c7_unconstrained_recon": 1.6660842895507812,
    "random_das_iia": 0.0,
    "pi_plain_vae_iia": 0.005555555555555556,
    "pi_plain_vae_recon_mse": 1.1147304773330688,
    "pi_plain_vae_cls_acc": 0.2750000059604645,
    "pi_plain_sae_iia": 0.15555555555555556,
    "pi_plain_sae_recon_mse": 0.43942809104919434,
    "pi_plain_sae_cls_acc": 1.0,
    "pi_plain_sae_l0": 0.9716911315917969,
    "pi_vae_iia": 0.0,
    "pi_vae_recon_mse": 3.2629289627075195,
    "pi_vae_cls_acc": 0.5049999952316284,
    "pi_sae_iia": 0.10555555555555556,
    "pi_sae_recon_mse": 2.1448371410369873,
    "pi_sae_cls_acc": 1.0,
    "pi_sae_l0": 0.9981249570846558
  },
  "k2": {
    "das_iia": 0.027777777777777776,
    "nl_das_iia": 0.7944444444444444,
    "vae_iia": 0.0,
    "vae_recon_mse": 2.87862229347229,
    "vae_cls_acc": 0.7299999594688416,
    "c1_random_labels_iia": 0.0,
    "c1_random_labels_recon": 1.7685335874557495,
    "c1_random_labels_cls_acc": 0.04999999701976776,
    "c2_recon_only_iia": 0.0,
    "c2_recon_only_recon": 1.5938889980316162,
    "c3_untrained_iia": 0.011111111111111112,
    "c3_untrained_recon": 5230.2646484375,
    "c7_unconstrained_iia": 0.022222222222222223,
    "c7_unconstrained_recon": 2.7620701789855957,
    "random_das_iia": 0.0,
    "pi_plain_vae_iia": 0.016666666666666666,
    "pi_plain_vae_recon_mse": 1.1993120908737183,
    "pi_plain_vae_cls_acc": 0.9950000047683716,
    "pi_plain_sae_iia": 0.31666666666666665,
    "pi_plain_sae_recon_mse": 1.249878168106079,
    "pi_plain_sae_cls_acc": 1.0,
    "pi_plain_sae_l0": 0.9823611378669739,
    "pi_vae_iia": 0.0,
    "pi_vae_recon_mse": 3.369283437728882,
    "pi_vae_cls_acc": 0.8650000095367432,
    "pi_sae_iia": 1.0,
    "pi_sae_recon_mse": 1.2359436750411987,
    "pi_sae_cls_acc": 1.0,
    "pi_sae_l0": 0.9934374690055847
  },
  "k4": {
    "das_iia": 0.1,
    "nl_das_iia": 0.7555555555555555,
    "vae_iia": 0.0,
    "vae_recon_mse": 2.014054536819458,
    "vae_cls_acc": 1.0,
    "c1_random_labels_iia": 0.0,
    "c1_random_labels_recon": 2.757979154586792,
    "c1_random_labels_cls_acc": 0.02499999850988388,
    "c2_recon_only_iia": 0.0,
    "c2_recon_only_recon": 1.8199224472045898,
    "c3_untrained_iia": 0.011111111111111112,
    "c3_untrained_recon": 58557.21875,
    "c7_unconstrained_iia": 0.027777777777777776,
    "c7_unconstrained_recon": 1.8456876277923584,
    "random_das_iia": 0.0,
    "pi_plain_vae_iia": 0.0,
    "pi_plain_vae_recon_mse": 1.2402839660644531,
    "pi_plain_vae_cls_acc": 1.0,
    "pi_plain_sae_iia": 0.4166666666666667,
    "pi_plain_sae_recon_mse": 0.6017358899116516,
    "pi_plain_sae_cls_acc": 1.0,
    "pi_plain_sae_l0": 0.9761562943458557,
    "pi_vae_iia": 0.05,
    "pi_vae_recon_mse": 2.758789539337158,
    "pi_vae_cls_acc": 0.9799999594688416,
    "pi_sae_iia": 1.0,
    "pi_sae_recon_mse": 1.2590850591659546,
    "pi_sae_cls_acc": 1.0,
    "pi_sae_l0": 0.9957812428474426
  },
  "elapsed_seconds": 3076.0,
  "timestamp": "2026-06-22T12:45:13Z"
}