{
  "timestamp": "2026-06-22T02:42:48Z",
  "n_factors": 32,
  "grokking_models": {
    "addition": {
      "grokked": true,
      "accuracy": 0.9995525479316711
    },
    "multiplication": {
      "grokked": true,
      "accuracy": 1.0
    },
    "squaring": {
      "grokked": false,
      "accuracy": 0.012500000186264515
    },
    "power": {
      "grokked": false,
      "accuracy": 0.43799111247062683
    }
  },
  "shared_vae": {
    "addition": {
      "classifier_accuracy": 1.0,
      "iia": 1.0
    },
    "multiplication": {
      "classifier_accuracy": 1.0,
      "iia": 1.0
    },
    "squaring": {
      "classifier_accuracy": 0.02500000037252903,
      "iia": 0.0
    },
    "power": {
      "classifier_accuracy": 0.7332878112792969,
      "iia": 0.448
    }
  },
  "factor_usage": {
    "addition": {
      "frequencies": [
        0.9968674182891846,
        0.0,
        0.9981987476348877,
        0.0,
        0.9967890977859497,
        0.0,
        1.0,
        0.0,
        0.9996083974838257,
        0.0,
        0.0,
        0.0,
        0.0,
        0.0,
        0.9985120296478271,
        0.997885525226593,
        0.0,
        0.994517982006073,
        0.9992168545722961,
        0.0,
        0.0,
        0.0,
        0.0,
        0.9990602135658264,
        0.0,
        0.0,
        0.9933432340621948,
        0.0,
        0.9953794479370117,
        0.0,
        0.0,
        0.0
      ],
      "active_factors": [
        0,
        2,
        4,
        6,
        8,
        14,
        15,
        17,
        18,
        23,
        26,
        28
      ],
      "n_active": 12,
      "l0": 11.969378471374512
    },
    "multiplication": {
      "frequencies": [
        0.9945790767669678,
        0.0,
        0.9979272484779358,
        0.0,
        0.9998405575752258,
        0.9995216727256775,
        0.0,
        0.9976084232330322,
        0.0,
        0.0,
        0.0,
        0.9978475570678711,
        0.9993622303009033,
        0.0,
        0.999043345451355,
        0.999043345451355,
        0.9988839030265808,
        0.9984055757522583,
        0.0,
        0.9995216727256775,
        0.0,
        0.9996811151504517,
        0.0,
        0.006855867337435484,
        0.0,
        0.9973692297935486,
        0.9972895383834839,
        0.0,
        0.9988839030265808,
        0.0,
        0.0,
        0.0
      ],
      "active_factors": [
        0,
        2,
        4,
        5,
        7,
        11,
        12,
        14,
        15,
        16,
        17,
        19,
        21,
        25,
        26,
        28
      ],
      "n_active": 16,
      "l0": 15.981664657592773
    },
    "squaring": {
      "frequencies": [
        0.9292035102844238,
        0.0,
        0.1946902573108673,
        0.9292035102844238,
        0.12389380484819412,
        0.0,
        0.7964601516723633,
        0.0796460211277008,
        0.06194690242409706,
        0.0,
        0.0,
        0.991150438785553,
        0.9203540086746216,
        0.1150442510843277,
        0.008849557489156723,
        0.9469026327133179,
        0.09734512865543365,
        0.8584070801734924,
        0.9026548862457275,
        0.1150442510843277,
        0.0,
        0.10619468986988068,
        0.0,
        0.9469026327133179,
        0.0,
        0.9557521939277649,
        0.14159291982650757,
        0.0,
        0.02654867246747017,
        0.0,
        0.8849557638168335,
        0.044247787445783615
      ],
      "active_factors": [
        0,
        2,
        3,
        4,
        6,
        7,
        8,
        11,
        12,
        13,
        15,
        16,
        17,
        18,
        19,
        21,
        23,
        25,
        26,
        30
      ],
      "n_active": 20,
      "l0": 11.17699146270752
    },
    "power": {
      "frequencies": [
        0.7211415767669678,
        0.0,
        0.08131377398967743,
        0.9541613459587097,
        0.9852519035339355,
        0.0012755101779475808,
        0.01347257662564516,
        0.004145408049225807,
        0.0003985969233326614,
        0.0,
        0.0,
        0.9885203838348389,
        0.3983577787876129,
        0.0005580356810241938,
        0.003427933668717742,
        0.6082589030265808,
        0.024314412847161293,
        0.9882014989852905,
        0.9610969424247742,
        0.0,
        0.0,
        0.9923469424247742,
        0.0,
        0.9887595176696777,
        0.0,
        0.9952965378761292,
        0.9820631146430969,
        0.0,
        0.48469385504722595,
        0.0,
        0.0,
        0.013392857275903225
      ],
      "active_factors": [
        0,
        2,
        3,
        4,
        11,
        12,
        15,
        17,
        18,
        21,
        23,
        25,
        26,
        28
      ],
      "n_active": 14,
      "l0": 11.190449714660645
    }
  },
  "factor_overlaps": {
    "addition_vs_multiplication": {
      "jaccard": 0.4,
      "shared": [
        0,
        2,
        4,
        14,
        15,
        17,
        26,
        28
      ],
      "only_in_first": [
        6,
        8,
        18,
        23
      ],
      "only_in_second": [
        5,
        7,
        11,
        12,
        16,
        19,
        21,
        25
      ]
    },
    "addition_vs_squaring": {
      "jaccard": 0.45454545454545453,
      "shared": [
        0,
        2,
        4,
        6,
        8,
        15,
        17,
        18,
        23,
        26
      ],
      "only_in_first": [
        14,
        28
      ],
      "only_in_second": [
        3,
        7,
        11,
        12,
        13,
        16,
        19,
        21,
        25,
        30
      ]
    },
    "addition_vs_power": {
      "jaccard": 0.5294117647058824,
      "shared": [
        0,
        2,
        4,
        15,
        17,
        18,
        23,
        26,
        28
      ],
      "only_in_first": [
        6,
        8,
        14
      ],
      "only_in_second": [
        3,
        11,
        12,
        21,
        25
      ]
    },
    "multiplication_vs_squaring": {
      "jaccard": 0.5652173913043478,
      "shared": [
        0,
        2,
        4,
        7,
        11,
        12,
        15,
        16,
        17,
        19,
        21,
        25,
        26
      ],
      "only_in_first": [
        5,
        14,
        28
      ],
      "only_in_second": [
        3,
        6,
        8,
        13,
        18,
        23,
        30
      ]
    },
    "multiplication_vs_power": {
      "jaccard": 0.5789473684210527,
      "shared": [
        0,
        2,
        4,
        11,
        12,
        15,
        17,
        21,
        25,
        26,
        28
      ],
      "only_in_first": [
        5,
        7,
        14,
        16,
        19
      ],
      "only_in_second": [
        3,
        18,
        23
      ]
    },
    "squaring_vs_power": {
      "jaccard": 0.6190476190476191,
      "shared": [
        0,
        2,
        3,
        4,
        11,
        12,
        15,
        17,
        18,
        21,
        23,
        25,
        26
      ],
      "only_in_first": [
        6,
        7,
        8,
        13,
        16,
        19,
        30
      ],
      "only_in_second": [
        28
      ]
    }
  },
  "bank_efficiency": {
    "addition": 0.2559869885444641,
    "multiplication": 0.24603748321533203,
    "squaring": 0.3026660978794098,
    "power": 0.29232776165008545
  },
  "task_specific_vae": {
    "addition": {
      "classifier_accuracy": 1.0,
      "iia": 0.882
    },
    "multiplication": {
      "classifier_accuracy": 1.0,
      "iia": 0.0
    },
    "squaring": {
      "classifier_accuracy": 0.02500000037252903,
      "iia": 0.0
    },
    "power": {
      "classifier_accuracy": 0.7303268313407898,
      "iia": 0.038
    }
  },
  "elapsed_seconds": 1229.4
}