{
  "task": "double_add_mult",
  "grokked": false,
  "test_accuracy": 0.09687884896993637,
  "k1": {
    "das_iia": 0.0,
    "nl_das_iia": 0.2222222222222222,
    "vae_iia": 0.005555555555555556,
    "vae_recon_mse": 35.28556823730469,
    "vae_cls_acc": 0.009999999776482582,
    "c1_random_labels_iia": 0.0,
    "c1_random_labels_recon": 35.31456756591797,
    "c1_random_labels_cls_acc": 0.029999999329447746,
    "c2_recon_only_iia": 0.005555555555555556,
    "c2_recon_only_recon": 36.880271911621094,
    "c3_untrained_iia": 0.0,
    "c3_untrained_recon": 967.4749145507812,
    "c7_unconstrained_iia": 0.005555555555555556,
    "c7_unconstrained_recon": 35.427364349365234,
    "random_das_iia": 0.0,
    "pi_plain_vae_iia": 0.011111111111111112,
    "pi_plain_vae_recon_mse": 36.14273452758789,
    "pi_plain_vae_cls_acc": 0.02499999850988388,
    "pi_plain_sae_iia": 0.005555555555555556,
    "pi_plain_sae_recon_mse": 4.070742130279541,
    "pi_plain_sae_cls_acc": 0.1550000011920929,
    "pi_plain_sae_l0": 0.9955514073371887,
    "pi_vae_iia": 0.0,
    "pi_vae_recon_mse": 36.568603515625,
    "pi_vae_cls_acc": 0.014999999664723873,
    "pi_sae_iia": 0.016666666666666666,
    "pi_sae_recon_mse": 23.831972122192383,
    "pi_sae_cls_acc": 0.06499999761581421,
    "pi_sae_l0": 0.9975000023841858
  },
  "k2": {
    "das_iia": 0.0,
    "nl_das_iia": 0.7722222222222223,
    "vae_iia": 0.005555555555555556,
    "vae_recon_mse": 32.12956619262695,
    "vae_cls_acc": 0.009999999776482582,
    "c1_random_labels_iia": 0.005555555555555556,
    "c1_random_labels_recon": 33.26178741455078,
    "c1_random_labels_cls_acc": 0.009999999776482582,
    "c2_recon_only_iia": 0.0,
    "c2_recon_only_recon": 34.51227951049805,
    "c3_untrained_iia": 0.0,
    "c3_untrained_recon": 969.458984375,
    "c7_unconstrained_iia": 0.0,
    "c7_unconstrained_recon": 33.46211242675781,
    "random_das_iia": 0.005555555555555556,
    "pi_plain_vae_iia": 0.005555555555555556,
    "pi_plain_vae_recon_mse": 32.97297286987305,
    "pi_plain_vae_cls_acc": 0.029999999329447746,
    "pi_plain_sae_iia": 0.016666666666666666,
    "pi_plain_sae_recon_mse": 6.831005573272705,
    "pi_plain_sae_cls_acc": 0.26499998569488525,
    "pi_plain_sae_l0": 0.9959027767181396,
    "pi_vae_iia": 0.0,
    "pi_vae_recon_mse": 31.36221694946289,
    "pi_vae_cls_acc": 0.014999999664723873,
    "pi_sae_iia": 0.016666666666666666,
    "pi_sae_recon_mse": 20.56955337524414,
    "pi_sae_cls_acc": 0.125,
    "pi_sae_l0": 0.9987499713897705
  },
  "k4": {
    "das_iia": 0.011111111111111112,
    "nl_das_iia": 0.9388888888888889,
    "vae_iia": 0.005555555555555556,
    "vae_recon_mse": 28.38933753967285,
    "vae_cls_acc": 0.03999999910593033,
    "c1_random_labels_iia": 0.0,
    "c1_random_labels_recon": 28.32060432434082,
    "c1_random_labels_cls_acc": 0.009999999776482582,
    "c2_recon_only_iia": 0.005555555555555556,
    "c2_recon_only_recon": 27.84090232849121,
    "c3_untrained_iia": 0.005555555555555556,
    "c3_untrained_recon": 969.28515625,
    "c7_unconstrained_iia": 0.005555555555555556,
    "c7_unconstrained_recon": 27.410463333129883,
    "random_das_iia": 0.005555555555555556,
    "pi_plain_vae_iia": 0.016666666666666666,
    "pi_plain_vae_recon_mse": 29.6683349609375,
    "pi_plain_vae_cls_acc": 0.014999999664723873,
    "pi_plain_sae_iia": 0.016666666666666666,
    "pi_plain_sae_recon_mse": 4.3552350997924805,
    "pi_plain_sae_cls_acc": 0.5299999713897705,
    "pi_plain_sae_l0": 0.9929375648498535,
    "pi_vae_iia": 0.005555555555555556,
    "pi_vae_recon_mse": 28.858549118041992,
    "pi_vae_cls_acc": 0.03999999910593033,
    "pi_sae_iia": 0.044444444444444446,
    "pi_sae_recon_mse": 16.966718673706055,
    "pi_sae_cls_acc": 0.32499998807907104,
    "pi_sae_l0": 0.9978124499320984
  },
  "elapsed_seconds": 2381.2,
  "timestamp": "2026-06-22T12:34:22Z"
}