{
  "task": "greater_than",
  "n_pairs": 1000,
  "n_classes": 98,
  "k1": {
    "das_iia": 0.03333333333333333,
    "nl_das_iia": 1.0,
    "vae_iia": 0.0,
    "vae_recon_mse": 0.7234018445014954,
    "vae_cls_acc": 0.5149999856948853,
    "c1_random_labels_iia": 0.0,
    "c1_random_labels_recon": 1.0195997953414917,
    "c1_random_labels_cls_acc": 0.5849999785423279,
    "c2_recon_only_iia": 0.0,
    "c2_recon_only_recon": 0.8697311878204346,
    "c3_untrained_iia": 0.0,
    "c3_untrained_recon": 72.29679870605469,
    "c7_unconstrained_iia": 0.0,
    "c7_unconstrained_recon": 0.7513731718063354,
    "random_das_iia": 0.0,
    "pi_plain_vae_iia": 0.0,
    "pi_plain_vae_recon_mse": 0.444561630487442,
    "pi_plain_vae_cls_acc": 0.5349999666213989,
    "pi_plain_sae_iia": 0.0,
    "pi_plain_sae_recon_mse": 0.29202234745025635,
    "pi_plain_sae_cls_acc": 1.0,
    "pi_plain_sae_l0": 0.9934558272361755,
    "pi_vae_iia": 0.0,
    "pi_vae_recon_mse": 0.7142676711082458,
    "pi_vae_cls_acc": 0.5299999713897705,
    "pi_sae_iia": 0.0,
    "pi_sae_recon_mse": 0.6226053237915039,
    "pi_sae_cls_acc": 1.0,
    "pi_sae_l0": 0.9918749928474426
  },
  "k2": {
    "das_iia": 0.26666666666666666,
    "nl_das_iia": 1.0,
    "vae_iia": 0.0,
    "vae_recon_mse": 0.6574162840843201,
    "vae_cls_acc": 0.6150000095367432,
    "c1_random_labels_iia": 0.0,
    "c1_random_labels_recon": 0.9677215814590454,
    "c1_random_labels_cls_acc": 0.5049999952316284,
    "c2_recon_only_iia": 0.0,
    "c2_recon_only_recon": 0.8703538179397583,
    "c3_untrained_iia": 0.0,
    "c3_untrained_recon": 72.32109832763672,
    "c7_unconstrained_iia": 0.0,
    "c7_unconstrained_recon": 0.8134810924530029,
    "random_das_iia": 0.0,
    "pi_plain_vae_iia": 0.0,
    "pi_plain_vae_recon_mse": 0.45097941160202026,
    "pi_plain_vae_cls_acc": 0.8799999952316284,
    "pi_plain_sae_iia": 0.0,
    "pi_plain_sae_recon_mse": 0.27863389253616333,
    "pi_plain_sae_cls_acc": 1.0,
    "pi_plain_sae_l0": 0.9905208349227905,
    "pi_vae_iia": 0.0,
    "pi_vae_recon_mse": 0.7346010804176331,
    "pi_vae_cls_acc": 0.7799999713897705,
    "pi_sae_iia": 0.0,
    "pi_sae_recon_mse": 0.5657463669776917,
    "pi_sae_cls_acc": 1.0,
    "pi_sae_l0": 0.996874988079071
  },
  "k4": {
    "das_iia": 0.31,
    "nl_das_iia": 1.0,
    "vae_iia": 0.0,
    "vae_recon_mse": 0.6107770204544067,
    "vae_cls_acc": 0.9899999499320984,
    "c1_random_labels_iia": 0.0,
    "c1_random_labels_recon": 0.8716593384742737,
    "c1_random_labels_cls_acc": 0.6850000023841858,
    "c2_recon_only_iia": 0.0,
    "c2_recon_only_recon": 0.8717033267021179,
    "c3_untrained_iia": 0.0,
    "c3_untrained_recon": 72.31684112548828,
    "c7_unconstrained_iia": 0.0,
    "c7_unconstrained_recon": 0.7104260921478271,
    "random_das_iia": 0.0,
    "pi_plain_vae_iia": 0.0,
    "pi_plain_vae_recon_mse": 0.4029679000377655,
    "pi_plain_vae_cls_acc": 1.0,
    "pi_plain_sae_iia": 0.0,
    "pi_plain_sae_recon_mse": 0.23236298561096191,
    "pi_plain_sae_cls_acc": 1.0,
    "pi_plain_sae_l0": 0.9920000433921814,
    "pi_vae_iia": 0.0,
    "pi_vae_recon_mse": 0.6447250843048096,
    "pi_vae_cls_acc": 1.0,
    "pi_sae_iia": 0.0,
    "pi_sae_recon_mse": 0.44352254271507263,
    "pi_sae_cls_acc": 1.0,
    "pi_sae_l0": 0.9979687333106995
  },
  "elapsed_seconds": 1252.6,
  "timestamp": "2026-06-22T20:40:38Z"
}