{
  "task": "sva",
  "n_pairs": 1000,
  "n_pairs_orig": 12400,
  "n_classes": 2,
  "layer": 8,
  "n_seeds": 1,
  "max_pairs": 1000,
  "k1": {
    "das_iia": 0.0,
    "nl_das_iia": 1.0,
    "vae_iia": 0.0,
    "vae_recon_mse": 0.8263119459152222,
    "vae_cls_acc": 1.0,
    "c1_random_labels_iia": 0.0,
    "c1_random_labels_recon": 0.8053762912750244,
    "c1_random_labels_cls_acc": 0.9749999642372131,
    "c2_recon_only_iia": 0.0,
    "c2_recon_only_recon": 0.8035902380943298,
    "c3_untrained_iia": 0.0033333333333333335,
    "c3_untrained_recon": 21.898569107055664,
    "c7_unconstrained_iia": 0.0,
    "c7_unconstrained_recon": 0.771994948387146,
    "random_das_iia": 0.0,
    "pi_plain_vae_iia": 0.0,
    "pi_plain_vae_recon_mse": 0.6252985000610352,
    "pi_plain_vae_cls_acc": 1.0,
    "pi_plain_sae_iia": 0.0,
    "pi_plain_sae_recon_mse": 0.33100825548171997,
    "pi_plain_sae_cls_acc": 1.0,
    "pi_plain_sae_l0": 0.9897058606147766,
    "pi_vae_iia": 0.0,
    "pi_vae_recon_mse": 0.7798421382904053,
    "pi_vae_cls_acc": 1.0,
    "pi_sae_iia": 0.0,
    "pi_sae_recon_mse": 0.7506278157234192,
    "pi_sae_cls_acc": 1.0,
    "pi_sae_l0": 0.9862499833106995
  },
  "k2": {
    "das_iia": 0.006666666666666667,
    "nl_das_iia": 1.0,
    "vae_iia": 0.0,
    "vae_recon_mse": 0.7520555853843689,
    "vae_cls_acc": 1.0,
    "c1_random_labels_iia": 0.0,
    "c1_random_labels_recon": 0.8679799437522888,
    "c1_random_labels_cls_acc": 0.949999988079071,
    "c2_recon_only_iia": 0.0,
    "c2_recon_only_recon": 0.7960426211357117,
    "c3_untrained_iia": 0.0,
    "c3_untrained_recon": 21.931228637695312,
    "c7_unconstrained_iia": 0.0,
    "c7_unconstrained_recon": 0.7444365620613098,
    "random_das_iia": 0.0,
    "pi_plain_vae_iia": 0.0,
    "pi_plain_vae_recon_mse": 0.5573370456695557,
    "pi_plain_vae_cls_acc": 1.0,
    "pi_plain_sae_iia": 0.0,
    "pi_plain_sae_recon_mse": 0.34965547919273376,
    "pi_plain_sae_cls_acc": 1.0,
    "pi_plain_sae_l0": 0.9933333396911621,
    "pi_vae_iia": 0.0,
    "pi_vae_recon_mse": 0.7650880217552185,
    "pi_vae_cls_acc": 1.0,
    "pi_sae_iia": 0.0,
    "pi_sae_recon_mse": 0.7766327857971191,
    "pi_sae_cls_acc": 1.0,
    "pi_sae_l0": 0.9953124523162842
  },
  "k4": {
    "das_iia": 0.03333333333333333,
    "nl_das_iia": 1.0,
    "vae_iia": 0.0,
    "vae_recon_mse": 0.803108811378479,
    "vae_cls_acc": 1.0,
    "c1_random_labels_iia": 0.0,
    "c1_random_labels_recon": 0.8103575110435486,
    "c1_random_labels_cls_acc": 0.9599999785423279,
    "c2_recon_only_iia": 0.0,
    "c2_recon_only_recon": 0.8037719130516052,
    "c3_untrained_iia": 0.01,
    "c3_untrained_recon": 21.930557250976562,
    "c7_unconstrained_iia": 0.0,
    "c7_unconstrained_recon": 0.694101095199585,
    "random_das_iia": 0.0,
    "pi_plain_vae_iia": 0.0,
    "pi_plain_vae_recon_mse": 0.5861108303070068,
    "pi_plain_vae_cls_acc": 1.0,
    "pi_plain_sae_iia": 0.0,
    "pi_plain_sae_recon_mse": 0.3461206257343292,
    "pi_plain_sae_cls_acc": 1.0,
    "pi_plain_sae_l0": 0.9898437857627869,
    "pi_vae_iia": 0.0,
    "pi_vae_recon_mse": 0.8253905177116394,
    "pi_vae_cls_acc": 1.0,
    "pi_sae_iia": 0.0,
    "pi_sae_recon_mse": 0.6060107946395874,
    "pi_sae_cls_acc": 1.0,
    "pi_sae_l0": 0.9959374666213989
  },
  "elapsed_seconds": 1898.9,
  "timestamp": "2026-06-23T00:24:21Z"
}