{
  "task": "addition_mod77",
  "grokked": true,
  "test_accuracy": 0.991086483001709,
  "modulus": 77,
  "k1": {
    "das_iia": 0.016666666666666666,
    "nl_das_iia": 0.19444444444444445,
    "vae_iia": 0.0,
    "vae_recon_mse": 1.3729592561721802,
    "vae_cls_acc": 0.17499999701976776,
    "c1_random_labels_iia": 0.0,
    "c1_random_labels_recon": 1.1251171827316284,
    "c1_random_labels_cls_acc": 0.014999999664723873,
    "c2_recon_only_iia": 0.0,
    "c2_recon_only_recon": 1.0554255247116089,
    "c3_untrained_iia": 0.0,
    "c3_untrained_recon": 236.33102416992188,
    "c7_unconstrained_iia": 0.005555555555555556,
    "c7_unconstrained_recon": 1.1234546899795532,
    "random_das_iia": 0.0,
    "pi_plain_vae_iia": 0.0,
    "pi_plain_vae_recon_mse": 0.7332733869552612,
    "pi_plain_vae_cls_acc": 0.2849999964237213,
    "pi_plain_sae_iia": 0.0,
    "pi_plain_sae_recon_mse": 0.6413424015045166,
    "pi_plain_sae_cls_acc": 0.9950000047683716,
    "pi_plain_sae_l0": 0.9841176271438599,
    "pi_vae_iia": 0.0,
    "pi_vae_recon_mse": 1.3647476434707642,
    "pi_vae_cls_acc": 0.2549999952316284,
    "pi_sae_iia": 0.05555555555555555,
    "pi_sae_recon_mse": 1.1051006317138672,
    "pi_sae_cls_acc": 1.0,
    "pi_sae_l0": 0.9975000023841858
  },
  "k2": {
    "das_iia": 0.07222222222222222,
    "nl_das_iia": 0.5888888888888889,
    "vae_iia": 0.0,
    "vae_recon_mse": 1.2240856885910034,
    "vae_cls_acc": 0.9049999713897705,
    "c1_random_labels_iia": 0.0,
    "c1_random_labels_recon": 1.1931370496749878,
    "c1_random_labels_cls_acc": 0.02499999850988388,
    "c2_recon_only_iia": 0.0,
    "c2_recon_only_recon": 0.95865797996521,
    "c3_untrained_iia": 0.044444444444444446,
    "c3_untrained_recon": 235.44696044921875,
    "c7_unconstrained_iia": 0.0,
    "c7_unconstrained_recon": 0.8972799777984619,
    "random_das_iia": 0.0,
    "pi_plain_vae_iia": 0.005555555555555556,
    "pi_plain_vae_recon_mse": 0.979315459728241,
    "pi_plain_vae_cls_acc": 1.0,
    "pi_plain_sae_iia": 0.7944444444444444,
    "pi_plain_sae_recon_mse": 0.15821920335292816,
    "pi_plain_sae_cls_acc": 1.0,
    "pi_plain_sae_l0": 0.971909761428833,
    "pi_vae_iia": 0.0,
    "pi_vae_recon_mse": 1.5312740802764893,
    "pi_vae_cls_acc": 0.9950000047683716,
    "pi_sae_iia": 0.9944444444444445,
    "pi_sae_recon_mse": 0.9876598715782166,
    "pi_sae_cls_acc": 1.0,
    "pi_sae_l0": 0.9953124523162842
  },
  "k3": {
    "das_iia": 0.1388888888888889,
    "nl_das_iia": 0.9055555555555556,
    "vae_iia": 0.0,
    "vae_recon_mse": 1.163787603378296,
    "vae_cls_acc": 1.0,
    "c1_random_labels_iia": 0.0,
    "c1_random_labels_recon": 1.1046850681304932,
    "c1_random_labels_cls_acc": 0.044999998062849045,
    "c2_recon_only_iia": 0.0,
    "c2_recon_only_recon": 0.9980111718177795,
    "c3_untrained_iia": 0.0,
    "c3_untrained_recon": 236.2107391357422,
    "c7_unconstrained_iia": 0.005555555555555556,
    "c7_unconstrained_recon": 1.0912967920303345,
    "random_das_iia": 0.0,
    "pi_plain_vae_iia": 0.0,
    "pi_plain_vae_recon_mse": 0.5625137090682983,
    "pi_plain_vae_cls_acc": 1.0,
    "pi_plain_sae_iia": 0.9611111111111111,
    "pi_plain_sae_recon_mse": 0.1396431177854538,
    "pi_plain_sae_cls_acc": 1.0,
    "pi_plain_sae_l0": 0.9744407534599304,
    "pi_vae_iia": 0.0,
    "pi_vae_recon_mse": 1.1735663414001465,
    "pi_vae_cls_acc": 0.9950000047683716,
    "pi_sae_iia": 0.9944444444444445,
    "pi_sae_recon_mse": 0.7088591456413269,
    "pi_sae_cls_acc": 1.0,
    "pi_sae_l0": 0.9968750476837158
  },
  "k4": {
    "das_iia": 0.3,
    "nl_das_iia": 0.9333333333333333,
    "vae_iia": 0.0,
    "vae_recon_mse": 1.2042195796966553,
    "vae_cls_acc": 1.0,
    "c1_random_labels_iia": 0.0,
    "c1_random_labels_recon": 1.3828203678131104,
    "c1_random_labels_cls_acc": 0.03500000014901161,
    "c2_recon_only_iia": 0.0,
    "c2_recon_only_recon": 1.1488425731658936,
    "c3_untrained_iia": 0.0,
    "c3_untrained_recon": 236.31634521484375,
    "c7_unconstrained_iia": 0.03888888888888889,
    "c7_unconstrained_recon": 0.8472334146499634,
    "random_das_iia": 0.0,
    "pi_plain_vae_iia": 0.0,
    "pi_plain_vae_recon_mse": 0.487466961145401,
    "pi_plain_vae_cls_acc": 1.0,
    "pi_plain_sae_iia": 0.9833333333333333,
    "pi_plain_sae_recon_mse": 0.15888139605522156,
    "pi_plain_sae_cls_acc": 1.0,
    "pi_plain_sae_l0": 0.971125066280365,
    "pi_vae_iia": 0.0,
    "pi_vae_recon_mse": 1.2240136861801147,
    "pi_vae_cls_acc": 1.0,
    "pi_sae_iia": 1.0,
    "pi_sae_recon_mse": 0.6197595596313477,
    "pi_sae_cls_acc": 1.0,
    "pi_sae_l0": 0.9957812428474426
  },
  "k6": {
    "das_iia": 0.6055555555555555,
    "nl_das_iia": 0.9777777777777777,
    "vae_iia": 0.0,
    "vae_recon_mse": 1.003739595413208,
    "vae_cls_acc": 1.0,
    "c1_random_labels_iia": 0.0,
    "c1_random_labels_recon": 1.540942907333374,
    "c1_random_labels_cls_acc": 0.0949999988079071,
    "c2_recon_only_iia": 0.0,
    "c2_recon_only_recon": 1.1704659461975098,
    "c3_untrained_iia": 0.0,
    "c3_untrained_recon": 235.97293090820312,
    "c7_unconstrained_iia": 0.14444444444444443,
    "c7_unconstrained_recon": 0.7637708783149719,
    "random_das_iia": 0.0,
    "pi_plain_vae_iia": 0.005555555555555556,
    "pi_plain_vae_recon_mse": 0.4172435402870178,
    "pi_plain_vae_cls_acc": 1.0,
    "pi_plain_sae_iia": 0.9777777777777777,
    "pi_plain_sae_recon_mse": 0.139975905418396,
    "pi_plain_sae_cls_acc": 1.0,
    "pi_plain_sae_l0": 0.9665057063102722,
    "pi_vae_iia": 0.0,
    "pi_vae_recon_mse": 1.249894618988037,
    "pi_vae_cls_acc": 1.0,
    "pi_sae_iia": 0.9833333333333333,
    "pi_sae_recon_mse": 0.4005565941333771,
    "pi_sae_cls_acc": 1.0,
    "pi_sae_l0": 0.9941666722297668
  },
  "k8": {
    "das_iia": 0.8888888888888888,
    "nl_das_iia": 0.9777777777777777,
    "vae_iia": 0.027777777777777776,
    "vae_recon_mse": 1.1708706617355347,
    "vae_cls_acc": 1.0,
    "c1_random_labels_iia": 0.0,
    "c1_random_labels_recon": 1.219122290611267,
    "c1_random_labels_cls_acc": 0.07999999821186066,
    "c2_recon_only_iia": 0.0,
    "c2_recon_only_recon": 0.9760787487030029,
    "c3_untrained_iia": 0.027777777777777776,
    "c3_untrained_recon": 235.2900390625,
    "c7_unconstrained_iia": 0.08333333333333333,
    "c7_unconstrained_recon": 0.7058743834495544,
    "random_das_iia": 0.005555555555555556,
    "pi_plain_vae_iia": 0.06666666666666667,
    "pi_plain_vae_recon_mse": 0.25638487935066223,
    "pi_plain_vae_cls_acc": 1.0,
    "pi_plain_sae_iia": 0.9944444444444445,
    "pi_plain_sae_recon_mse": 0.16278497874736786,
    "pi_plain_sae_cls_acc": 1.0,
    "pi_plain_sae_l0": 0.9688802361488342,
    "pi_vae_iia": 0.044444444444444446,
    "pi_vae_recon_mse": 1.216961145401001,
    "pi_vae_cls_acc": 1.0,
    "pi_sae_iia": 0.9833333333333333,
    "pi_sae_recon_mse": 0.4086199998855591,
    "pi_sae_cls_acc": 1.0,
    "pi_sae_l0": 0.9931249618530273
  },
  "elapsed_seconds": 2325.2,
  "timestamp": "2026-06-22T13:59:07Z"
}