{
  "task": "gender_bias",
  "n_pairs": 986,
  "n_pairs_orig": 986,
  "n_classes": 2,
  "layer": 8,
  "n_seeds": 1,
  "max_pairs": 1000,
  "k1": {
    "das_iia": 0.6418918918918919,
    "das_strict_iia": 0.5304054054054054,
    "nl_das_iia": 0.9932432432432432,
    "nl_das_strict_iia": 0.9932432432432432,
    "vae_iia": 0.3581081081081081,
    "vae_strict_iia": 0.30405405405405406,
    "vae_recon_mse": 0.2858487665653229,
    "vae_cls_acc": 1.0,
    "c1_random_labels_iia": 0.24324324324324326,
    "c1_random_labels_strict_iia": 0.21283783783783783,
    "c1_random_labels_recon": 0.32532739639282227,
    "c1_random_labels_cls_acc": 0.8050000071525574,
    "c2_recon_only_iia": 0.27702702702702703,
    "c2_recon_only_strict_iia": 0.23310810810810811,
    "c2_recon_only_recon": 0.2853904366493225,
    "c3_untrained_iia": 0.48986486486486486,
    "c3_untrained_strict_iia": 0.0,
    "c3_untrained_recon": 19.148035049438477,
    "c7_unconstrained_iia": 0.2905405405405405,
    "c7_unconstrained_strict_iia": 0.24324324324324326,
    "c7_unconstrained_recon": 0.2577264606952667,
    "random_das_iia": 0.2668918918918919,
    "random_das_strict_iia": 0.23310810810810811,
    "pi_plain_vae_iia": 0.4155405405405405,
    "pi_plain_vae_strict_iia": 0.35135135135135137,
    "pi_plain_vae_recon_mse": 0.20091958343982697,
    "pi_plain_vae_cls_acc": 1.0,
    "pi_plain_sae_iia": 0.33783783783783783,
    "pi_plain_sae_strict_iia": 0.31756756756756754,
    "pi_plain_sae_recon_mse": 0.12904568016529083,
    "pi_plain_sae_cls_acc": 1.0,
    "pi_plain_sae_l0": 0.986764669418335,
    "pi_vae_iia": 0.34797297297297297,
    "pi_vae_strict_iia": 0.2972972972972973,
    "pi_vae_recon_mse": 0.2508033812046051,
    "pi_vae_cls_acc": 1.0,
    "pi_sae_iia": 0.3547297297297297,
    "pi_sae_strict_iia": 0.30405405405405406,
    "pi_sae_recon_mse": 0.2538715898990631,
    "pi_sae_cls_acc": 1.0,
    "pi_sae_l0": 0.9987499713897705
  },
  "k2": {
    "das_iia": 0.8277027027027027,
    "das_strict_iia": 0.7804054054054054,
    "nl_das_iia": 1.0,
    "nl_das_strict_iia": 1.0,
    "vae_iia": 0.3547297297297297,
    "vae_strict_iia": 0.30405405405405406,
    "vae_recon_mse": 0.2771351635456085,
    "vae_cls_acc": 1.0,
    "c1_random_labels_iia": 0.23648648648648649,
    "c1_random_labels_strict_iia": 0.2195945945945946,
    "c1_random_labels_recon": 0.3010018467903137,
    "c1_random_labels_cls_acc": 0.7649999856948853,
    "c2_recon_only_iia": 0.26013513513513514,
    "c2_recon_only_strict_iia": 0.22297297297297297,
    "c2_recon_only_recon": 0.29506728053092957,
    "c3_untrained_iia": 0.5371621621621622,
    "c3_untrained_strict_iia": 0.0,
    "c3_untrained_recon": 19.129404067993164,
    "c7_unconstrained_iia": 0.28378378378378377,
    "c7_unconstrained_strict_iia": 0.25,
    "c7_unconstrained_recon": 0.24041123688220978,
    "random_das_iia": 0.2635135135135135,
    "random_das_strict_iia": 0.22972972972972974,
    "pi_plain_vae_iia": 0.41216216216216217,
    "pi_plain_vae_strict_iia": 0.36824324324324326,
    "pi_plain_vae_recon_mse": 0.19596004486083984,
    "pi_plain_vae_cls_acc": 1.0,
    "pi_plain_sae_iia": 0.34459459459459457,
    "pi_plain_sae_strict_iia": 0.2939189189189189,
    "pi_plain_sae_recon_mse": 0.13791048526763916,
    "pi_plain_sae_cls_acc": 0.98499995470047,
    "pi_plain_sae_l0": 0.9910069704055786,
    "pi_vae_iia": 0.3614864864864865,
    "pi_vae_strict_iia": 0.3141891891891892,
    "pi_vae_recon_mse": 0.2717846632003784,
    "pi_vae_cls_acc": 1.0,
    "pi_sae_iia": 0.42567567567567566,
    "pi_sae_strict_iia": 0.38175675675675674,
    "pi_sae_recon_mse": 0.27681243419647217,
    "pi_sae_cls_acc": 1.0,
    "pi_sae_l0": 0.9965624809265137
  },
  "k4": {
    "das_iia": 0.8918918918918919,
    "das_strict_iia": 0.8783783783783784,
    "nl_das_iia": 1.0,
    "nl_das_strict_iia": 1.0,
    "vae_iia": 0.39864864864864863,
    "vae_strict_iia": 0.34459459459459457,
    "vae_recon_mse": 0.2643612325191498,
    "vae_cls_acc": 1.0,
    "c1_random_labels_iia": 0.22972972972972974,
    "c1_random_labels_strict_iia": 0.20945945945945946,
    "c1_random_labels_recon": 0.30695071816444397,
    "c1_random_labels_cls_acc": 0.8199999928474426,
    "c2_recon_only_iia": 0.28040540540540543,
    "c2_recon_only_strict_iia": 0.23310810810810811,
    "c2_recon_only_recon": 0.28138062357902527,
    "c3_untrained_iia": 0.5743243243243243,
    "c3_untrained_strict_iia": 0.0,
    "c3_untrained_recon": 19.09190559387207,
    "c7_unconstrained_iia": 0.28040540540540543,
    "c7_unconstrained_strict_iia": 0.23310810810810811,
    "c7_unconstrained_recon": 0.2641961872577667,
    "random_das_iia": 0.2668918918918919,
    "random_das_strict_iia": 0.23310810810810811,
    "pi_plain_vae_iia": 0.4527027027027027,
    "pi_plain_vae_strict_iia": 0.40540540540540543,
    "pi_plain_vae_recon_mse": 0.22598384320735931,
    "pi_plain_vae_cls_acc": 1.0,
    "pi_plain_sae_iia": 0.3344594594594595,
    "pi_plain_sae_strict_iia": 0.2905405405405405,
    "pi_plain_sae_recon_mse": 0.1274438500404358,
    "pi_plain_sae_cls_acc": 1.0,
    "pi_plain_sae_l0": 0.9865937829017639,
    "pi_vae_iia": 0.35135135135135137,
    "pi_vae_strict_iia": 0.2972972972972973,
    "pi_vae_recon_mse": 0.2508755624294281,
    "pi_vae_cls_acc": 1.0,
    "pi_sae_iia": 0.4831081081081081,
    "pi_sae_strict_iia": 0.4391891891891892,
    "pi_sae_recon_mse": 0.22683019936084747,
    "pi_sae_cls_acc": 1.0,
    "pi_sae_l0": 0.9978124499320984
  },
  "elapsed_seconds": 1544.0,
  "timestamp": "2026-06-23T00:41:13Z"
}