{
  "operation": "composite_addition",
  "seed": 101,
  "grokked": false,
  "final_test_loss": 0.12516438901274282,
  "final_test_acc": 0.9725920557975769,
  "n_epochs": 30000,
  "das_k2": {
    "iia": 0.8666666666666667,
    "equivariance": 0.068,
    "random_equiv": 0.048
  },
  "das_k4": {
    "iia": 0.9066666666666666,
    "equivariance": 0.048,
    "random_equiv": 0.066
  },
  "train_loss_final": 0.018128977027888994,
  "grok_epoch": 9099,
  "timestamp": "2026-06-22T01:57:11Z",
  "p_data": 113,
  "p_mod": 91
}