{
  "operation": "power",
  "seed": 101,
  "grokked": false,
  "final_test_loss": 7.183336430267007,
  "final_test_acc": 0.25874045491218567,
  "n_epochs": 30000,
  "das_k2": {
    "iia": 0.92,
    "equivariance": 0.024,
    "random_equiv": 0.006
  },
  "das_k4": {
    "iia": 0.9866666666666667,
    "equivariance": 0.022,
    "random_equiv": 0.012
  },
  "train_loss_final": 0.0063744066638607945,
  "grok_epoch": null,
  "timestamp": "2026-06-22T01:52:03Z",
  "p_data": 113,
  "p_mod": 113
}