{
  "operation": "composite_addition",
  "seed": 19,
  "grokked": false,
  "final_test_loss": 0.11460877928073596,
  "final_test_acc": 0.9787448644638062,
  "n_epochs": 30000,
  "das_k2": {
    "iia": 0.9466666666666667,
    "equivariance": 0.058,
    "random_equiv": 0.094
  },
  "das_k4": {
    "iia": 0.96,
    "equivariance": 0.074,
    "random_equiv": 0.084
  },
  "train_loss_final": 0.04287926908829243,
  "grok_epoch": 28390,
  "timestamp": "2026-06-22T01:56:17Z",
  "p_data": 113,
  "p_mod": 91
}