{
  "operation": "power",
  "seed": 137,
  "grokked": false,
  "final_test_loss": 13.925811955785724,
  "final_test_acc": 0.24359412491321564,
  "n_epochs": 30000,
  "das_k2": {
    "iia": 0.96,
    "equivariance": 0.012,
    "random_equiv": 0.008
  },
  "das_k4": {
    "iia": 0.9866666666666667,
    "equivariance": 0.016,
    "random_equiv": 0.016
  },
  "train_loss_final": 8.116456107580818e-06,
  "grok_epoch": null,
  "timestamp": "2026-06-22T01:49:17Z",
  "p_data": 113,
  "p_mod": 113
}