{
  "task": "greater_than",
  "n_pairs": 1000,
  "n_pairs_orig": 1000,
  "n_classes": 98,
  "layer": 8,
  "n_seeds": 1,
  "max_pairs": 1000,
  "k1": {
    "das_iia": 0.26666666666666666,
    "nl_das_iia": 1.0,
    "vae_iia": 0.0,
    "vae_recon_mse": 0.5122547149658203,
    "vae_cls_acc": 0.5049999952316284,
    "c1_random_labels_iia": 0.0,
    "c1_random_labels_recon": 0.6254229545593262,
    "c1_random_labels_cls_acc": 0.5199999809265137,
    "c2_recon_only_iia": 0.0,
    "c2_recon_only_recon": 0.5652754306793213,
    "c3_untrained_iia": 0.0,
    "c3_untrained_recon": 19.414813995361328,
    "c7_unconstrained_iia": 0.0,
    "c7_unconstrained_recon": 0.5523553490638733,
    "random_das_iia": 0.0,
    "pi_plain_vae_iia": 0.0,
    "pi_plain_vae_recon_mse": 0.16786733269691467,
    "pi_plain_vae_cls_acc": 0.5349999666213989,
    "pi_plain_sae_iia": 0.0,
    "pi_plain_sae_recon_mse": 0.11879006028175354,
    "pi_plain_sae_cls_acc": 1.0,
    "pi_plain_sae_l0": 0.9925734996795654,
    "pi_vae_iia": 0.0,
    "pi_vae_recon_mse": 0.4376276135444641,
    "pi_vae_cls_acc": 0.5199999809265137,
    "pi_sae_iia": 0.0,
    "pi_sae_recon_mse": 0.24178096652030945,
    "pi_sae_cls_acc": 1.0,
    "pi_sae_l0": 0.9993749856948853
  },
  "k2": {
    "das_iia": 0.44333333333333336,
    "nl_das_iia": 1.0,
    "vae_iia": 0.0,
    "vae_recon_mse": 0.38904517889022827,
    "vae_cls_acc": 0.5899999737739563,
    "c1_random_labels_iia": 0.0,
    "c1_random_labels_recon": 0.5946793556213379,
    "c1_random_labels_cls_acc": 0.5299999713897705,
    "c2_recon_only_iia": 0.0,
    "c2_recon_only_recon": 0.5339108109474182,
    "c3_untrained_iia": 0.0,
    "c3_untrained_recon": 19.434980392456055,
    "c7_unconstrained_iia": 0.0,
    "c7_unconstrained_recon": 0.5403577089309692,
    "random_das_iia": 0.0,
    "pi_plain_vae_iia": 0.0,
    "pi_plain_vae_recon_mse": 0.17932599782943726,
    "pi_plain_vae_cls_acc": 0.9199999570846558,
    "pi_plain_sae_iia": 0.0,
    "pi_plain_sae_recon_mse": 0.0991307944059372,
    "pi_plain_sae_cls_acc": 1.0,
    "pi_plain_sae_l0": 0.9898611307144165,
    "pi_vae_iia": 0.0,
    "pi_vae_recon_mse": 0.3546465337276459,
    "pi_vae_cls_acc": 0.8199999928474426,
    "pi_sae_iia": 0.0,
    "pi_sae_recon_mse": 0.2461666464805603,
    "pi_sae_cls_acc": 1.0,
    "pi_sae_l0": 0.9993749856948853
  },
  "k4": {
    "das_iia": 0.5366666666666666,
    "nl_das_iia": 1.0,
    "vae_iia": 0.0,
    "vae_recon_mse": 0.2749984562397003,
    "vae_cls_acc": 1.0,
    "c1_random_labels_iia": 0.0,
    "c1_random_labels_recon": 0.5225539207458496,
    "c1_random_labels_cls_acc": 0.6699999570846558,
    "c2_recon_only_iia": 0.0,
    "c2_recon_only_recon": 0.5981095433235168,
    "c3_untrained_iia": 0.0,
    "c3_untrained_recon": 19.405492782592773,
    "c7_unconstrained_iia": 0.0,
    "c7_unconstrained_recon": 0.525071918964386,
    "random_das_iia": 0.0,
    "pi_plain_vae_iia": 0.0,
    "pi_plain_vae_recon_mse": 0.16524304449558258,
    "pi_plain_vae_cls_acc": 1.0,
    "pi_plain_sae_iia": 0.0,
    "pi_plain_sae_recon_mse": 0.09576841443777084,
    "pi_plain_sae_cls_acc": 1.0,
    "pi_plain_sae_l0": 0.9899687767028809,
    "pi_vae_iia": 0.0,
    "pi_vae_recon_mse": 0.25224941968917847,
    "pi_vae_cls_acc": 1.0,
    "pi_sae_iia": 0.0,
    "pi_sae_recon_mse": 0.1899223029613495,
    "pi_sae_cls_acc": 1.0,
    "pi_sae_l0": 0.9962499737739563
  },
  "elapsed_seconds": 1370.1,
  "timestamp": "2026-06-23T00:15:33Z"
}