{
  "task": "gender_bias",
  "n_pairs": 986,
  "n_pairs_orig": 986,
  "n_classes": 2,
  "layer": 8,
  "n_seeds": 1,
  "max_pairs": 1000,
  "k1": {
    "das_iia": 0.6216216216216216,
    "das_strict_iia": 0.5168918918918919,
    "nl_das_iia": 0.9695945945945946,
    "nl_das_strict_iia": 0.9695945945945946,
    "vae_iia": 0.3783783783783784,
    "vae_strict_iia": 0.32094594594594594,
    "vae_repl_iia": 0.34459459459459457,
    "vae_repl_strict_iia": 0.2905405405405405,
    "vae_recon_mse": 0.2793934941291809,
    "vae_cls_acc": 1.0,
    "c1_random_labels_iia": 0.2668918918918919,
    "c1_random_labels_strict_iia": 0.23648648648648649,
    "c1_random_labels_repl_iia": 0.26013513513513514,
    "c1_random_labels_repl_strict_iia": 0.22972972972972974,
    "c1_random_labels_recon": 0.33124515414237976,
    "c1_random_labels_cls_acc": 0.7799999713897705,
    "c2_recon_only_iia": 0.2668918918918919,
    "c2_recon_only_strict_iia": 0.22972972972972974,
    "c2_recon_only_repl_iia": 0.27702702702702703,
    "c2_recon_only_repl_strict_iia": 0.23986486486486486,
    "c2_recon_only_recon": 0.28241804242134094,
    "c3_untrained_iia": 0.2668918918918919,
    "c3_untrained_strict_iia": 0.22972972972972974,
    "c3_untrained_repl_iia": 0.5202702702702703,
    "c3_untrained_repl_strict_iia": 0.0,
    "c3_untrained_recon": 19.12459373474121,
    "c7_unconstrained_iia": 0.2668918918918919,
    "c7_unconstrained_strict_iia": 0.22972972972972974,
    "c7_unconstrained_repl_iia": 0.28716216216216217,
    "c7_unconstrained_repl_strict_iia": 0.24662162162162163,
    "c7_unconstrained_recon": 0.2811947762966156,
    "random_das_iia": 0.2668918918918919,
    "random_das_strict_iia": 0.23310810810810811,
    "pi_plain_vae_iia": 0.3952702702702703,
    "pi_plain_vae_strict_iia": 0.34797297297297297,
    "pi_plain_vae_repl_iia": 0.34459459459459457,
    "pi_plain_vae_repl_strict_iia": 0.2972972972972973,
    "pi_plain_vae_recon_mse": 0.20248928666114807,
    "pi_plain_vae_cls_acc": 1.0,
    "pi_plain_sae_iia": 0.38175675675675674,
    "pi_plain_sae_strict_iia": 0.3277027027027027,
    "pi_plain_sae_repl_iia": 0.375,
    "pi_plain_sae_repl_strict_iia": 0.32432432432432434,
    "pi_plain_sae_recon_mse": 0.1285325437784195,
    "pi_plain_sae_cls_acc": 1.0,
    "pi_plain_sae_l0": 0.983566164970398,
    "pi_vae_iia": 0.42567567567567566,
    "pi_vae_strict_iia": 0.3581081081081081,
    "pi_vae_repl_iia": 0.3614864864864865,
    "pi_vae_repl_strict_iia": 0.31756756756756754,
    "pi_vae_recon_mse": 0.27393633127212524,
    "pi_vae_cls_acc": 1.0,
    "pi_sae_iia": 0.3918918918918919,
    "pi_sae_strict_iia": 0.3277027027027027,
    "pi_sae_repl_iia": 0.35135135135135137,
    "pi_sae_repl_strict_iia": 0.2939189189189189,
    "pi_sae_recon_mse": 0.27432316541671753,
    "pi_sae_cls_acc": 1.0,
    "pi_sae_l0": 1.0,
    "pi_sae_e2e_iia": 0.9966216216216216,
    "pi_sae_e2e_strict_iia": 0.9966216216216216,
    "pi_sae_e2e_repl_iia": 1.0,
    "pi_sae_e2e_repl_strict_iia": 1.0,
    "pi_sae_e2e_recon_mse": 0.32108384370803833,
    "pi_sae_e2e_cls_acc": 1.0,
    "pi_sae_e2e_l0": 1.0
  },
  "k2": {
    "das_iia": 0.8243243243243243,
    "das_strict_iia": 0.777027027027027,
    "nl_das_iia": 1.0,
    "nl_das_strict_iia": 1.0,
    "vae_iia": 0.40540540540540543,
    "vae_strict_iia": 0.34121621621621623,
    "vae_repl_iia": 0.36824324324324326,
    "vae_repl_strict_iia": 0.31756756756756754,
    "vae_recon_mse": 0.27538445591926575,
    "vae_cls_acc": 1.0,
    "c1_random_labels_iia": 0.22297297297297297,
    "c1_random_labels_strict_iia": 0.20945945945945946,
    "c1_random_labels_repl_iia": 0.24662162162162163,
    "c1_random_labels_repl_strict_iia": 0.22972972972972974,
    "c1_random_labels_recon": 0.2926449775695801,
    "c1_random_labels_cls_acc": 0.7599999904632568,
    "c2_recon_only_iia": 0.2668918918918919,
    "c2_recon_only_strict_iia": 0.22972972972972974,
    "c2_recon_only_repl_iia": 0.2905405405405405,
    "c2_recon_only_repl_strict_iia": 0.24324324324324326,
    "c2_recon_only_recon": 0.28016260266304016,
    "c3_untrained_iia": 0.2668918918918919,
    "c3_untrained_strict_iia": 0.22972972972972974,
    "c3_untrained_repl_iia": 0.527027027027027,
    "c3_untrained_repl_strict_iia": 0.0,
    "c3_untrained_recon": 19.114978790283203,
    "c7_unconstrained_iia": 0.2668918918918919,
    "c7_unconstrained_strict_iia": 0.22972972972972974,
    "c7_unconstrained_repl_iia": 0.2635135135135135,
    "c7_unconstrained_repl_strict_iia": 0.22635135135135134,
    "c7_unconstrained_recon": 0.27260932326316833,
    "random_das_iia": 0.2702702702702703,
    "random_das_strict_iia": 0.23648648648648649,
    "pi_plain_vae_iia": 0.43243243243243246,
    "pi_plain_vae_strict_iia": 0.38175675675675674,
    "pi_plain_vae_repl_iia": 0.3885135135135135,
    "pi_plain_vae_repl_strict_iia": 0.3310810810810811,
    "pi_plain_vae_recon_mse": 0.19604289531707764,
    "pi_plain_vae_cls_acc": 1.0,
    "pi_plain_sae_iia": 0.3783783783783784,
    "pi_plain_sae_strict_iia": 0.3108108108108108,
    "pi_plain_sae_repl_iia": 0.35135135135135137,
    "pi_plain_sae_repl_strict_iia": 0.2972972972972973,
    "pi_plain_sae_recon_mse": 0.1319425255060196,
    "pi_plain_sae_cls_acc": 1.0,
    "pi_plain_sae_l0": 0.9863194823265076,
    "pi_vae_iia": 0.38513513513513514,
    "pi_vae_strict_iia": 0.3310810810810811,
    "pi_vae_repl_iia": 0.35135135135135137,
    "pi_vae_repl_strict_iia": 0.30067567567567566,
    "pi_vae_recon_mse": 0.2943230867385864,
    "pi_vae_cls_acc": 1.0,
    "pi_sae_iia": 0.4864864864864865,
    "pi_sae_strict_iia": 0.43243243243243246,
    "pi_sae_repl_iia": 0.42905405405405406,
    "pi_sae_repl_strict_iia": 0.38513513513513514,
    "pi_sae_recon_mse": 0.2665278911590576,
    "pi_sae_cls_acc": 1.0,
    "pi_sae_l0": 0.9984374642372131,
    "pi_sae_e2e_iia": 0.9966216216216216,
    "pi_sae_e2e_strict_iia": 0.9966216216216216,
    "pi_sae_e2e_repl_iia": 1.0,
    "pi_sae_e2e_repl_strict_iia": 1.0,
    "pi_sae_e2e_recon_mse": 0.2850082218647003,
    "pi_sae_e2e_cls_acc": 1.0,
    "pi_sae_e2e_l0": 1.0
  },
  "k4": {
    "das_iia": 0.8918918918918919,
    "das_strict_iia": 0.875,
    "nl_das_iia": 0.9966216216216216,
    "nl_das_strict_iia": 0.9966216216216216,
    "vae_iia": 0.3614864864864865,
    "vae_strict_iia": 0.3108108108108108,
    "vae_repl_iia": 0.34797297297297297,
    "vae_repl_strict_iia": 0.2939189189189189,
    "vae_recon_mse": 0.27828654646873474,
    "vae_cls_acc": 1.0,
    "c1_random_labels_iia": 0.23310810810810811,
    "c1_random_labels_strict_iia": 0.2195945945945946,
    "c1_random_labels_repl_iia": 0.23648648648648649,
    "c1_random_labels_repl_strict_iia": 0.2195945945945946,
    "c1_random_labels_recon": 0.2651374936103821,
    "c1_random_labels_cls_acc": 0.7799999713897705,
    "c2_recon_only_iia": 0.2668918918918919,
    "c2_recon_only_strict_iia": 0.22972972972972974,
    "c2_recon_only_repl_iia": 0.27702702702702703,
    "c2_recon_only_repl_strict_iia": 0.23648648648648649,
    "c2_recon_only_recon": 0.2709658741950989,
    "c3_untrained_iia": 0.2668918918918919,
    "c3_untrained_strict_iia": 0.22972972972972974,
    "c3_untrained_repl_iia": 0.5371621621621622,
    "c3_untrained_repl_strict_iia": 0.0,
    "c3_untrained_recon": 19.088497161865234,
    "c7_unconstrained_iia": 0.2702702702702703,
    "c7_unconstrained_strict_iia": 0.23648648648648649,
    "c7_unconstrained_repl_iia": 0.25675675675675674,
    "c7_unconstrained_repl_strict_iia": 0.22635135135135134,
    "c7_unconstrained_recon": 0.2501908838748932,
    "random_das_iia": 0.2635135135135135,
    "random_das_strict_iia": 0.22972972972972974,
    "pi_plain_vae_iia": 0.4797297297297297,
    "pi_plain_vae_strict_iia": 0.42567567567567566,
    "pi_plain_vae_repl_iia": 0.42567567567567566,
    "pi_plain_vae_repl_strict_iia": 0.375,
    "pi_plain_vae_recon_mse": 0.19674314558506012,
    "pi_plain_vae_cls_acc": 1.0,
    "pi_plain_sae_iia": 0.31756756756756754,
    "pi_plain_sae_strict_iia": 0.27364864864864863,