{
  "operation": "power",
  "seed": 777,
  "grokked": false,
  "final_test_loss": 16.052902449372333,
  "final_test_acc": 0.22013439238071442,
  "n_epochs": 30000,
  "das_k2": {
    "iia": 0.88,
    "equivariance": 0.016,
    "random_equiv": 0.018
  },
  "das_k4": {
    "iia": 0.96,
    "equivariance": 0.014,
    "random_equiv": 0.022
  },
  "train_loss_final": 1.2358103110309674e-05,
  "grok_epoch": null,
  "timestamp": "2026-06-22T01:52:42Z",
  "p_data": 113,
  "p_mod": 113
}