{
  "timestamp": "2026-06-22T04:40:41Z",
  "cyclic": {
    "task": "cyclic_groups",
    "mod5_addition": {
      "grokked": false,
      "test_acc": 0.2222222238779068
    },
    "mod7_days": {
      "grokked": false,
      "test_acc": 0.5428571701049805
    },
    "mod12_months": {
      "grokked": false,
      "test_acc": 0.31683167815208435
    },
    "mod24_hours": {
      "grokked": false,
      "test_acc": 0.11881187558174133
    },
    "mod7_subtraction": {
      "grokked": false,
      "test_acc": 0.05714285746216774
    }
  },
  "jensen": {
    "task": "jensen_cross_task",
    "k2": {
      "base_IOI": {
        "das_iia": 0.25,
        "vae_iia": 0.2866666666666667,
        "n_pairs": 300,
        "is_train_family": true
      },
      "DoubleIO": {
        "das_iia": 0.3333333333333333,
        "vae_iia": 0.31,
        "n_pairs": 300,
        "is_train_family": false
      },
      "TripleIO": {
        "das_iia": 0.38,
        "vae_iia": 0.2733333333333333,
        "n_pairs": 300,
        "is_train_family": false
      },
      "ABAB": {
        "das_iia": 0.18333333333333332,
        "vae_iia": 0.46,
        "n_pairs": 300,
        "is_train_family": false
      },
      "possessive": {
        "das_iia": 0.19333333333333333,
        "vae_iia": 0.22333333333333333,
        "n_pairs": 300,
        "is_train_family": false
      }
    },
    "k4": {
      "base_IOI": {
        "das_iia": 0.4166666666666667,
        "vae_iia": 0.92,
        "n_pairs": 300,
        "is_train_family": true
      },
      "DoubleIO": {
        "das_iia": 0.44666666666666666,
        "vae_iia": 0.7933333333333333,
        "n_pairs": 300,
        "is_train_family": false
      },
      "TripleIO": {
        "das_iia": 0.54,
        "vae_iia": 0.7733333333333333,
        "n_pairs": 300,
        "is_train_family": false
      },
      "ABAB": {
        "das_iia": 0.29,
        "vae_iia": 0.9366666666666666,
        "n_pairs": 300,
        "is_train_family": false
      },
      "possessive": {
        "das_iia": 0.26666666666666666,
        "vae_iia": 0.8066666666666666,
        "n_pairs": 300,
        "is_train_family": false
      }
    },
    "logit_diff_base_IOI": {
      "mean": 3.747126135826111,
      "std": 1.209745398843636,
      "accuracy": 1.0
    },
    "logit_diff_DoubleIO": {
      "mean": 2.047362985610962,
      "std": 0.9591303155984966,
      "accuracy": 1.0
    },
    "logit_diff_TripleIO": {
      "mean": 1.7393748903274535,
      "std": 0.9117100469038723,
      "accuracy": 1.0
    },
    "logit_diff_ABAB": {
      "mean": 3.0555840873718263,
      "std": 1.4443820408886616,
      "accuracy": 1.0
    },
    "logit_diff_possessive": {
      "mean": 4.319723262786865,
      "std": 1.5672490233969616,
      "accuracy": 1.0
    }
  },
  "stratification": {
    "task": "stratification",
    "confidence_stats": {
      "mean": 0.5151838998598691,
      "std": 0.19234547917228664,
      "min": 0.03697793185710907,
      "max": 0.9759587049484253
    },
    "low": {
      "n_pairs": 14,
      "skipped": true
    },
    "medium": {
      "n_pairs": 1402,
      "self_iia": 0.44
    },
    "high": {
      "n_pairs": 1545,
      "self_iia": 0.45
    },
    "cross_stratum": {
      "high_vs_medium": {
        "geodesic": 2.3162574768066406,
        "principal_angles": [
          0.540188729763031,
          1.0247653722763062,
          1.3637831211090088,
          1.470780849456787
        ],
        "cross_iia_12": 0.285,
        "cross_iia_21": 0.24
      }
    },
    "summary": {
      "mean_geodesic": 2.3162574768066406,
      "mean_cross_iia": 0.26249999999999996,
      "interpretation": "stratified"
    }
  },
  "elapsed_seconds": 1806.4
}